-- This Persons table will be users that upload projects, as well as student users that can apply to them
-- Need to add username/password for authentication in future
insert into Person (name, email, password, phone, admin) values ('Starr Egar', 'segar0@salon.com', 'paswword', 'password', '751-818-2357', false);
insert into Person (name, email, password, phone, admin) values ('Thorsten Angell', 'tangell1@timesonline.co.uk', 'password', '672-120-8025', false);
insert into Person (name, email, password, phone, admin) values ('Yvette Fairham', 'yfairham2@businessweek.com', 'password', '217-757-7138', false);
insert into Person (name, email, password, phone, admin) values ('Corinna Kirley', 'ckirley3@mlb.com', 'password', '963-980-9330', false);
insert into Person (name, email, password, phone, admin) values ('Jaime Domanski', 'jdomanski4@fc2.com', 'password', '946-312-3929', false);
insert into Person (name, email, password, phone, admin) values ('Keriann Kerwood', 'kkerwood5@chronoengine.com', 'password', '757-903-3915', false);
insert into Person (name, email, password, phone, admin) values ('Jason Tibbles', 'jtibbles6@webnode.com', 'password', '480-348-4115', false);
insert into Person (name, email, password, phone, admin) values ('Josy Redshaw', 'jredshaw7@bbb.org', 'password', '510-785-6459', false);
insert into Person (name, email, password, phone, admin) values ('Hilda Ramsby', 'hramsby8@nsw.gov.au', 'password', '438-204-1096', false);
insert into Person (name, email, password, phone, admin) values ( 'Betta Ambroise', 'bambroise9@jiathis.com', 'password', '235-778-1122', false);
insert into Person (name, email, password, phone, admin) values ('Lotti Ouslem', 'louslema@examiner.com', 'password', '215-821-5944', false);
insert into Person (name, email, password, phone, admin) values ('Grace Shellum', 'gshellumb@nbcnews.com', 'password', '370-534-7951', false);
insert into Person (name, email, password, phone, admin) values ('Maria Rasell', 'mrasellc@archive.org', 'password', '880-210-9609', false);
insert into Person (name, email, password, phone, admin) values ('Royall Trenoweth', 'rtrenowethd@csmonitor.com', 'password', null, false);
insert into Person (name, email, password, phone, admin) values ('Sheilah Normavill', 'snormaville@instagram.com', 'password', '968-567-4281', false);
insert into Person (name, email, password, phone, admin) values ('Alexei Rosbrough', 'arosbroughf@elegantthemes.com', 'password', '721-412-7231', false);
insert into Person (name, email, password, phone, admin) values ('Kevan Epgrave', 'kepgraveg@opera.com', 'password', '243-946-5112', false);
insert into Person (name, email, password, phone, admin) values ('Davina Gerrelt', 'dgerrelth@plala.or.jp', 'password', '782-175-4418', false);
insert into Person (name, email, password, phone, admin) values ('Gwennie Drepp', 'gdreppi@ocn.ne.jp', 'password', '267-143-5611', false);
insert into Person (name, email, password, phone, admin) values ('Bogart Raoul', 'braoulj@wikipedia.org', 'password', '813-461-2655', false);
insert into Person (name, email, password, phone, admin) values ('Ev Klement', 'eklementk@clickbank.net', 'password', '407-161-2945', false);
insert into Person (name, email, password, phone, admin) values ('Nikaniki Carrane', 'ncarranel@sbwire.com', 'password', '777-145-4185', false);
insert into Person (name, email, password, phone, admin) values ('Pierette Jeacop', 'pjeacopm@prlog.org', 'password', null, false);
insert into Person (name, email, password, phone, admin) values ('Corinne Bockman', 'cbockmann@people.com.cn', 'password', '239-646-1777', false);
insert into Person (name, email, password, phone, admin) values ('Delainey Hakking', 'dhakkingo@pinterest.com', 'password', '601-702-8279', false);
insert into Person (name, email, password, phone, admin) values ('Ashlan Foddy', 'afoddyp@addtoany.com', 'password', '415-127-7029', false);
insert into Person (name, email, password, phone, admin) values ('Rickard Ivanikhin', 'rivanikhinq@jalbum.net', 'password', '721-360-7357', false);
insert into Person (name, email, password, phone, admin) values ('Scarlett Puttick', 'sputtickr@ucla.edu', 'password', '696-541-8180', false);
insert into Person (name, email, password, phone, admin) values ('Kare Dunlea', 'kdunleas@scribd.com', 'password', null, false);
insert into Person (name, email, password, phone, admin) values ('Nickie Capel', 'ncapelt@miibeian.gov.cn', 'password', '646-766-1369', false);
insert into Person (name, email, password, phone, admin) values ('Daveta Stoop', 'dstoopu@symantec.com', 'password', '934-840-1133', false);
insert into Person (name, email, password, phone, admin) values ('Sarajane Catherall', 'scatherallv@vistaprint.com', 'password', '413-965-7904', false);
insert into Person (name, email, password, phone, admin) values ('Iormina Servis', 'iservisw@skype.com', 'password', '937-526-0225', false);
insert into Person (name, email, password, phone, admin) values ('Anne-corinne Toop', 'atoopx@sourceforge.net', 'password', '610-213-8769', false);
insert into Person (name, email, password, phone, admin) values ('Corby Banasik', 'cbanasiky@last.fm', 'password', '886-897-1959', false);
insert into Person (name, email, password, phone, admin) values ('Christalle Gosforth', 'cgosforthz@tinypic.com', 'password', '147-867-8154', false);
insert into Person (name, email, password, phone, admin) values ('Alysia McGeaney', 'amcgeaney10@nationalgeographic.com', 'password', '838-690-5684', false);
insert into Person (name, email, password, phone, admin) values ('Robinet O''Calleran', 'rocalleran11@yelp.com', 'password', '275-802-8603', false);
insert into Person (name, email, password, phone, admin) values ('Forester Greenhill', 'fgreenhill12@hubpages.com', 'password', '960-735-6005', false);
insert into Person (name, email, password, phone, admin) values ('Eugenio Hinchshaw', 'ehinchshaw13@4shared.com', 'password', '692-952-8391', false);
insert into Person (name, email, password, phone, admin) values ('Cullie Hebbard', 'chebbard14@hhs.gov', 'password', '393-373-3757', false);
insert into Person (name, email, password, phone, admin) values ('Horton Breazeall', 'hbreazeall15@dailymail.co.uk', 'password', null, false);
insert into Person (name, email, password, phone, admin) values ('Hayyim Helwig', 'hhelwig16@howstuffworks.com', 'password', '699-339-9000', false);
insert into Person (name, email, password, phone, admin) values ('Feliks Shutle', 'fshutle17@jiathis.com', 'password', '188-114-4764', false);
insert into Person (name, email, password, phone, admin) values ('Ingar Wemyss', 'iwemyss18@businessinsider.com', 'password', '190-967-2429', false);
insert into Person (name, email, password, phone, admin) values ('Krista Kiledal', 'kkiledal19@1und1.de', 'password', null, false);
insert into Person (name, email, password, phone, admin) values ('Rebecca Le Claire', 'rle1a@paypal.com', 'password', '728-837-4771', false);
insert into Person (name, email, password, phone, admin) values ('Hyacinthie Twentyman', 'htwentyman1b@wikipedia.org', 'password', '815-242-0647', false);
insert into Person (name, email, password, phone, admin) values ('Gilbertina Baselli', 'gbaselli1c@mlb.com', 'password', '270-313-3796', false);
insert into Person (name, email, password, phone, admin) values ('Javier Boobier', 'jboobier1d@yelp.com', 'password', '898-839-7044', false);
insert into Person (name, email, password, phone, admin) values ('Norina Richford', 'nrichford1e@photobucket.com', 'password', '603-743-2075', false);
insert into Person (name, email, password, phone, admin) values ('Kaylil Stoop', 'kstoop1f@comsenz.com', 'password', null, false);
insert into Person (name, email, password, phone, admin) values ('Brandea Trebilcock', 'btrebilcock1g@ucoz.ru', 'password', '266-450-0202', false);
insert into Person (name, email, password, phone, admin) values ('Colline Joron', 'cjoron1h@360.cn', 'password', '346-680-8344', false);
insert into Person (name, email, password, phone, admin) values ('Robinet Longfield', 'rlongfield1i@scientificamerican.com', 'password', '396-304-7656', false);
insert into Person (name, email, password, phone, admin) values ('Lorain Marconi', 'lmarconi1j@cornell.edu', 'password', '755-970-5704', false);
insert into Person (name, email, password, phone, admin) values ('Nappie Burdus', 'nburdus1k@wikimedia.org', 'password', '917-168-1396', false);
insert into Person (name, email, password, phone, admin) values ('Jobina Magog', 'jmagog1l@parallels.com', 'password', '405-469-6729', false);
insert into Person (name, email, password, phone, admin) values ('Feodora Patek', 'fpatek1m@bizjournals.com', 'password', '632-861-4689', false);
insert into Person (name, email, password, phone, admin) values ('Estella Kenen', 'ekenen1n@about.com', 'password', '753-868-7716', false);
insert into Person (name, email, password, phone, admin) values ('Manolo Niezen', 'mniezen1o@bloglovin.com', 'password', '648-493-3212', false);
insert into Person (name, email, password, phone, admin) values ('Cordy Dubber', 'cdubber1p@bravesites.com', 'password', '555-481-7520', false);
insert into Person (name, email, password, phone, admin) values ('Chauncey Derycot', 'cderycot1q@house.gov', 'password', '453-426-7913', false);
insert into Person (name, email, password, phone, admin) values ('Lem Hauch', 'lhauch1r@51.la', 'password', '732-137-9586', false);
insert into Person (name, email, password, phone, admin) values ('Serene Beeken', 'sbeeken1s@behance.net', 'password', '394-680-5818', false);
insert into Person (name, email, password, phone, admin) values ('Lavinie Figgins', 'lfiggins1t@wordpress.org', 'password', '101-243-0559', false);
insert into Person (name, email, password, phone, admin) values ('Clayborne Bridgwood', 'cbridgwood1u@cam.ac.uk', 'password', '463-947-2469', false);
insert into Person (name, email, password, phone, admin) values ('Sheila Bucke', 'sbucke1v@abc.net.au', 'password', '309-571-6791', false);
insert into Person (name, email, password, phone, admin) values ('Sophi Bavister', 'sbavister1w@nyu.edu', 'password', '807-735-5965', false);
insert into Person (name, email, password, phone, admin) values ('Jermain Turfin', 'jturfin1x@nasa.gov', 'password', '780-371-0339', false);
insert into Person (name, email, password, phone, admin) values ('Coreen McKnish', 'cmcknish1y@printfriendly.com', 'password', '626-929-9532', false);
insert into Person (name, email, password, phone, admin) values ('Melessa Pinck', 'mpinck1z@msn.com', 'password', '315-143-1787', false);
insert into Person (name, email, password, phone, admin) values ('Sergei Loving', 'sloving20@xing.com', 'password', '924-520-9102', false);
insert into Person (name, email, password, phone, admin) values ('Rafaello Van Der Hoog', 'rvan21@amazon.co.uk', 'password', '601-522-6406', false);
insert into Person (name, email, password, phone, admin) values ('Danila Clarridge', 'dclarridge22@qq.com', 'password', '892-711-3161', false);
insert into Person (name, email, password, phone, admin) values ('Selby Leachman', 'sleachman23@ezinearticles.com', 'password', '900-335-1787', false);
insert into Person (name, email, password, phone, admin) values ('Noe Spadoni', 'nspadoni24@ow.ly', 'password', '173-293-9563', false);
insert into Person (name, email, password, phone, admin) values ('Jodi Frohock', 'jfrohock25@howstuffworks.com', 'password', '653-845-5315', false);
insert into Person (name, email, password, phone, admin) values ('Tonye Plampin', 'tplampin26@miibeian.gov.cn', 'password', '954-539-4494', false);
insert into Person (name, email, password, phone, admin) values ('Claudette Lindsay', 'clindsay27@w3.org', 'password', null, false);
insert into Person (name, email, password, phone, admin) values ('Genvieve Kirkhouse', 'gkirkhouse28@histats.com', 'password', '388-336-9471', false);
insert into Person (name, email, password, phone, admin) values ('Alex Pregal', 'apregal29@sitemeter.com', 'password', '494-435-8654', false);
insert into Person (name, email, password, phone, admin) values ('Caryl Comer', 'ccomer2a@amazonaws.com', 'password', '382-140-9756', false);
insert into Person (name, email, password, phone, admin) values ('Meaghan Claxton', 'mclaxton2b@diigo.com', 'password', '986-235-5759', false);
insert into Person (name, email, password, phone, admin) values ('Aimil Brumby', 'abrumby2c@aol.com', 'password', null, false);
insert into Person (name, email, password, phone, admin) values ('Austina Harler', 'aharler2d@surveymonkey.com', 'password', null, false);
insert into Person (name, email, password, phone, admin) values ('Bendix Henrych', 'bhenrych2e@sina.com.cn', 'password', '479-787-2090', false);
insert into Person (name, email, password, phone, admin) values ('Martita Cropper', 'mcropper2f@oaic.gov.au', 'password', '287-720-5426', false);
insert into Person (name, email, password, phone, admin) values ('Zechariah Syder', 'zsyder2g@w3.org', 'password', '494-998-1566', false);
insert into Person (name, email, password, phone, admin) values ('Wilone Lindstedt', 'wlindstedt2h@springer.com', 'password', '114-638-4291', false);
insert into Person (name, email, password, phone, admin) values ('Jessee Mariolle', 'jmariolle2i@fastcompany.com', 'password', '829-638-1668', false);
insert into Person (name, email, password, phone, admin) values ('Micaela Lawday', 'mlawday2j@mapquest.com', 'password', '504-654-3123', false);
insert into Person (name, email, password, phone, admin) values ('Ruthanne Millam', 'rmillam2k@nydailynews.com', 'password', '787-575-8114', false);
insert into Person (name, email, password, phone, admin) values ('Loraine Standeven', 'lstandeven2l@ucoz.com', 'password', '716-583-7850', false);
insert into Person (name, email, password, phone, admin) values ('Vaughan Kingdom', 'vkingdom2m@webeden.co.uk', 'password', '510-643-5044', false);
insert into Person (name, email, password, phone, admin) values ('Terese Dacey', 'tdacey2n@gnu.org', 'password', '252-953-7847', false);
insert into Person (name, email, password, phone, admin) values ('Alanson Rigler', 'arigler2o@narod.ru', 'password', null, false);
insert into Person (name, email, password, phone, admin) values ('Ashly Boniface', 'aboniface2p@yelp.com', 'password', '847-903-8144', false);
insert into Person (name, email, password, phone, admin) values ('Pryce Geldeford', 'pgeldeford2q@etsy.com', 'password', '176-413-5943', false);
insert into Person (name, email, password, phone, admin) values ( 'Emelina Skarman', 'eskarman2r@g.co', 'password', null, false);
insert into Person (name, email, password, phone, admin) values ( 'Lenora Avramchik', 'lavramchik2s@omniture.com', 'password', '853-181-7399', false);
insert into Person (name, email, password, phone, admin) values ( 'Jada Damper', 'jdamper2t@themeforest.net', 'password', '588-279-1444', false);
insert into Person (name, email, password, phone, admin) values ( 'Valentijn Olifard', 'volifard2u@reuters.com', 'password', '346-504-3978', false);
insert into Person (name, email, password, phone, admin) values ( 'Anny Radin', 'aradin2v@chronoengine.com', 'password', '496-323-0753', false);
insert into Person (name, email, password, phone, admin) values ( 'Eleonora Jerman', 'ejerman2w@abc.net.au', 'password', null, false);
insert into Person (name, email, password, phone, admin) values ( 'Sisile Suffield', 'ssuffield2x@wisc.edu', 'password', '464-837-5761', false);
insert into Person (name, email, password, phone, admin) values ( 'Quinn Juszczyk', 'qjuszczyk2y@mayoclinic.com', 'password', '559-583-2506', false);
insert into Person (name, email, password, phone, admin) values ( 'Izaak Shields', 'ishields2z@tripadvisor.com', 'password', '792-550-8235', false);
insert into Person (name, email, password, phone, admin) values ( 'Danit Del Dello', 'ddel30@house.gov', 'password', '615-780-1417', false);
insert into Person (name, email, password, phone, admin) values ( 'Nicol Meneghelli', 'nmeneghelli31@nasa.gov', 'password', '806-564-9378', false);
insert into Person (name, email, password, phone, admin) values ( 'Libbey Defries', 'ldefries32@altervista.org', 'password', '282-617-7176', false);
insert into Person (name, email, password, phone, admin) values ( 'Jarrett Dummer', 'jdummer33@altervista.org', 'password', '650-597-2742', false);
insert into Person (name, email, password, phone, admin) values ( 'Wilfred Whitley', 'wwhitley34@vinaora.com', 'password', '148-192-4128', false);
insert into Person (name, email, password, phone, admin) values ( 'Hector Preon', 'hpreon35@samsung.com', 'password', '949-794-7696', false);
insert into Person (name, email, password, phone, admin) values ( 'Marco Kennagh', 'mkennagh36@bloglines.com', 'password', '351-163-0036', false);
insert into Person (name, email, password, phone, admin) values ( 'Helsa Warlowe', 'hwarlowe37@chicagotribune.com', 'password', '834-930-8439', false);
insert into Person (name, email, password, phone, admin) values ( 'Earlie Brighouse', 'ebrighouse38@engadget.com', 'password', '949-588-4953', false);
insert into Person (name, email, password, phone, admin) values ( 'Zorah Kleinzweig', 'zkleinzweig39@nba.com', 'password', '873-421-5213', false);
insert into Person (name, email, password, phone, admin) values ( 'Janeen Needs', 'jneeds3a@spotify.com', 'password', '238-909-9943', false);
insert into Person (name, email, password, phone, admin) values ( 'Darrin Syer', 'dsyer3b@clickbank.net', 'password', '242-500-4076', false);
insert into Person (name, email, password, phone, admin) values ( 'Farrah Clousley', 'fclousley3c@tumblr.com', 'password', '105-131-9756', false);
insert into Person (name, email, password, phone, admin) values ( 'Aila Robak', 'arobak3d@topsy.com', 'password', '170-969-9822', false);
insert into Person (name, email, password, phone, admin) values ( 'Randell Start', 'rstart3e@i2i.jp', 'password', '326-579-9772', false);
insert into Person (name, email, password, phone, admin) values ( 'Audrey Davidai', 'adavidai3f@netscape.com', 'password', '167-813-0309', false);
insert into Person (name, email, password, phone, admin) values ( 'Andris Liffey', 'aliffey3g@naver.com', 'password', '755-999-8499', false);
insert into Person (name, email, password, phone, admin) values ( 'Currie Stabler', 'cstabler3h@cloudflare.com', 'password', '748-933-3007', false);
insert into Person (name, email, password, phone, admin) values ( 'Rafaello Hancke', 'rhancke3i@ycombinator.com', 'password', '307-537-0736', false);
insert into Person (name, email, password, phone, admin) values ( 'Free Cruess', 'fcruess3j@merriam-webster.com', 'password', null, false);
insert into Person (name, email, password, phone, admin) values ( 'Francene Duligall', 'fduligall3k@cisco.com', 'password', '995-367-4862', false);
insert into Person (name, email, password, phone, admin) values ( 'Isidore Ivanyushin', 'iivanyushin3l@g.co', 'password', '477-776-5998', false);
insert into Person (name, email, password, phone, admin) values ( 'Shepherd Musselwhite', 'smusselwhite3m@comcast.net', 'password', null, false);
insert into Person (name, email, password, phone, admin) values ( 'Desirae O''Dare', 'dodare3n@cyberchimps.com', 'password', '937-450-4891', false);
insert into Person (name, email, password, phone, admin) values ( 'Garth Peacey', 'gpeacey3o@artisteer.com', 'password', '977-280-2271', false);
insert into Person (name, email, password, phone, admin) values ( 'Kimble MacTrusty', 'kmactrusty3p@yellowpages.com', 'password', '767-728-6705', false);
insert into Person (name, email, password, phone, admin) values ( 'Dud Seleway', 'dseleway3q@paginegialle.it', 'password', null, false);
insert into Person (name, email, password, phone, admin) values ( 'Ewen Antat', 'eantat3r@prnewswire.com', 'password', '115-477-9425', false);
insert into Person (name, email, password, phone, admin) values ( 'Nanni Lafontaine', 'nlafontaine3s@gov.uk', 'password', '751-895-2386', false);
insert into Person (name, email, password, phone, admin) values ( 'Averell MacGuffog', 'amacguffog3t@photobucket.com', 'password', null, false);
insert into Person (name, email, password, phone, admin) values ( 'Rhonda Alp', 'ralp3u@accuweather.com', 'password', '694-557-8565', false);
insert into Person (name, email, password, phone, admin) values ( 'Remy Kiehl', 'rkiehl3v@wiley.com', 'password', '200-353-7354', false);
insert into Person (name, email, password, phone, admin) values ( 'Cammy Oyley', 'coyley3w@de.vu', 'password', '142-395-3576', false);
insert into Person (name, email, password, phone, admin) values ( 'Kacy Posselwhite', 'kposselwhite3x@goo.gl', 'password', null, false);
insert into Person (name, email, password, phone, admin) values ( 'Clemens Langtry', 'clangtry3y@360.cn', 'password', null, false);
insert into Person (name, email, password, phone, admin) values ( 'Salomone Pheasant', 'spheasant3z@imdb.com', 'password', '607-897-8661', false);
insert into Person (name, email, password, phone, admin) values ( 'Tessy Greenall', 'tgreenall40@istockphoto.com', 'password', '711-971-1389', false);
insert into Person (name, email, password, phone, admin) values ( 'Jessalyn Bythell', 'jbythell41@booking.com', 'password', '915-726-6563', false);
insert into Person (name, email, password, phone, admin) values ( 'Clarine Hanna', 'channa42@yandex.ru', 'password', '557-622-5729', false);
insert into Person (name, email, password, phone, admin) values ( 'Chere Caffrey', 'ccaffrey43@trellian.com', 'password', '409-843-1164', false);
insert into Person (name, email, password, phone, admin) values ( 'Gordon Manuelli', 'gmanuelli44@bigcartel.com', 'password', '684-273-8107', false);
insert into Person (name, email, password, phone, admin) values ( 'Rosalia Jude', 'rjude45@google.co.uk', 'password', '942-937-1612', false);
insert into Person (name, email, password, phone, admin) values ('Jud Dunton', 'jdunton46@gov.uk', 'password', '913-809-9314', false);
insert into Person (name, email, password, phone, admin) values ('Lewie Twigge', 'ltwigge47@mapy.cz', 'password', '311-243-3650', false);
insert into Person (name, email, password, phone, admin) values ('Lynda Vurley', 'lvurley48@deviantart.com', 'password', '893-327-1439', false);
insert into Person (name, email, password, phone, admin) values ('Duke Grigs', 'dgrigs49@rakuten.co.jp', 'password', '712-745-6742', false);
insert into Person (name, email, password, phone, admin) values ('Faun Avery', 'favery4a@netlog.com', 'password', '362-257-4948', false);
insert into Person (name, email, password, phone, admin) values ('Kaye Cordrey', 'kcordrey4b@g.co', 'password', '994-376-5877', false);
insert into Person (name, email, password, phone, admin) values ('Shelba Fidilis', 'sfidilis4c@yellowbook.com', 'password', '243-997-4078', false);
insert into Person (name, email, password, phone, admin) values ('Miguel Gockelen', 'mgockelen4d@tripadvisor.com', 'password', '290-986-6527', false);
insert into Person (name, email, password, phone, admin) values ('Sal Lethbury', 'slethbury4e@seesaa.net', 'password', '481-100-4362', false);
insert into Person (name, email, password, phone, admin) values ('Mikael Brandsen', 'mbrandsen4f@amazon.co.jp', 'password', '798-977-1501', false);
insert into Person (name, email, password, phone, admin) values ('Dallas Inman', 'dinman4g@disqus.com', 'password', '719-367-5774', false);
insert into Person (name, email, password, phone, admin) values ('Cassandra Pook', 'cpook4h@hugedomains.com', 'password', '803-476-9399', false);
insert into Person (name, email, password, phone, admin) values ('Sharia Dunklee', 'sdunklee4i@arizona.edu', 'password', '543-614-8115', false);
insert into Person (name, email, password, phone, admin) values ('Melisenda Santore', 'msantore4j@webeden.co.uk', 'password', null, false);
insert into Person (name, email, password, phone, admin) values ('Tyne Kairns', 'tkairns4k@indiegogo.com', 'password', '635-297-8547', false);
insert into Person (name, email, password, phone, admin) values ('Knox Possa', 'kpossa4l@wunderground.com', 'password', '377-251-5237', false);
insert into Person (name, email, password, phone, admin) values ('Gregg Bollini', 'gbollini4m@hao123.com', 'password', '284-546-3578', false);
insert into Person (name, email, password, phone, admin) values ('Staffard Saenz', 'ssaenz4n@tiny.cc', 'password', '872-799-9487', false);
insert into Person (name, email, password, phone, admin) values ('Tamas Giacopini', 'tgiacopini4o@icq.com', 'password', '914-783-5575', false);
insert into Person (name, email, password, phone, admin) values ('Ferdinanda Rollingson', 'frollingson4p@shareasale.com', 'password', '409-253-8320', false);
insert into Person (name, email, password, phone, admin) values ('Constancy Heaffey', 'cheaffey4q@newyorker.com', 'password', '250-558-7697', false);
insert into Person (name, email, password, phone, admin) values ('Brock Brackenbury', 'bbrackenbury4r@examiner.com', 'password', '373-659-2684', false);
insert into Person (name, email, password, phone, admin) values ('Bucky Burberry', 'bburberry4s@microsoft.com', 'password', '953-735-9696', false);
insert into Person (name, email, password, phone, admin) values ('Fina Fillon', 'ffillon4t@arizona.edu', 'password', '863-229-7785', false);
insert into Person (name, email, password, phone, admin) values ('Shermy Capeloff', 'scapeloff4u@eepurl.com', 'password', '350-895-2630', false);
insert into Person (name, email, password, phone, admin) values ('Emmanuel Riggoll', 'eriggoll4v@cocolog-nifty.com', 'password', null, false);
insert into Person (name, email, password, phone, admin) values ('Clark Yakunchikov', 'cyakunchikov4w@google.co.jp', 'password', '637-413-5649', false);
insert into Person (name, email, password, phone, admin) values ('Delilah Sproul', 'dsproul4x@comcast.net', 'password', '882-888-2561', false);
insert into Person (name, email, password, phone, admin) values ('Olympe Pavlasek', 'opavlasek4y@census.gov', 'password', '741-624-3006', false);
insert into Person (name, email, password, phone, admin) values ('Alberik De Mattei', 'ade4z@rambler.ru', 'password', '868-371-1337', false);
insert into Person (name, email, password, phone, admin) values ('Victoir Sommerlie', 'vsommerlie50@google.pl', 'password', '987-163-7715', false);
insert into Person (name, email, password, phone, admin) values ('Godfry Wane', 'gwane51@163.com', 'password', '956-156-5597', false);
insert into Person (name, email, password, phone, admin) values ('Blondelle Starford', 'bstarford52@nbcnews.com', 'password', '331-766-0073', false);
insert into Person (name, email, password, phone, admin) values ('Monte Arkwright', 'markwright53@geocities.jp', 'password', '381-102-7118', false);
insert into Person (name, email, password, phone, admin) values ('Ynez Menelaws', 'ymenelaws54@cdbaby.com', 'password', '769-541-0343', false);
insert into Person (name, email, password, phone, admin) values ('Zorah Thompsett', 'zthompsett55@amazon.co.jp', 'password', '649-572-3477', false);
insert into Person (name, email, password, phone, admin) values ('Cameron Ritchie', 'critchie56@unesco.org', 'password', '105-116-8450', false);
insert into Person (name, email, password, phone, admin) values ('Ossie Lafaye', 'olafaye57@yellowpages.com', 'password', '238-455-8198', false);
insert into Person (name, email, password, phone, admin) values ('Kip Parks', 'kparks58@lycos.com', 'password', '614-169-8069', false);
insert into Person (name, email, password, phone, admin) values ('Gunar Piet', 'gpiet59@goo.gl', 'password', '120-418-1789', false);
insert into Person (name, email, password, phone, admin) values ('Chaunce Waldren', 'cwaldren5a@dyndns.org', 'password', '729-629-1389', false);
insert into Person (name, email, password, phone, admin) values ('Glennis Mucillo', 'gmucillo5b@cafepress.com', 'password', '477-768-4630', false);
insert into Person (name, email, password, phone, admin) values ('Oralia Trayling', 'otrayling5c@nba.com', 'password', null, false);
insert into Person (name, email, password, phone, admin) values ('Terrijo Busst', 'tbusst5d@livejournal.com', 'password', '926-851-8710', false);
insert into Person (name, email, password, phone, admin) values ('Arlyne Horry', 'ahorry5e@archive.org', 'password', '568-690-4301', false);
insert into Person (name, email, password, phone, admin) values ('Joly Musto', 'jmusto5f@discovery.com', 'password', '367-996-4094', false);
insert into Person (name, email, password, phone, admin) values ('De Sandercock', 'dsandercock5g@ycombinator.com', 'password', '810-950-6136', false);
insert into Person (name, email, password, phone, admin) values ('Annalee Brandon', 'abrandon5h@shutterfly.com', 'password', '311-128-4623', false);
insert into Person (name, email, password, phone, admin) values ('Leanna Kohnemann', 'lkohnemann5i@naver.com', 'password', '400-337-7615', false);
insert into Person (name, email, password, phone, admin) values ('Warden Swadon', 'wswadon5j@webeden.co.uk', 'password', '769-685-6888', false);
insert into Person (name, email, password, phone, admin) values ('Blondelle Bigadike', 'bbigadike5k@cnn.com', 'password', '246-168-1094', false);
insert into Person (name, email, password, phone, admin) values ('Waldo Fargie', 'wfargie5l@squidoo.com', 'password', '237-852-9110', false);
insert into Person (name, email, password, phone, admin) values ('Demott Kidner', 'dkidner5m@wikispaces.com', 'password', null, false);
insert into Person (name, email, password, phone, admin) values ('Jamie Leach', 'jleach5n@nih.gov', 'password', '883-765-5400', false);
insert into Person (name, email, password, phone, admin) values ('Vernen Sayre', 'vsayre5o@miitbeian.gov.cn', 'password', '706-701-5209', false);
insert into Person (name, email, password, phone, admin) values ('Albina Vedenichev', 'avedenichev5p@constantcontact.com', 'password', '309-823-5990', false);
insert into Person (name, email, password, phone, admin) values ('Buiron Lodder', 'blodder5q@live.com', 'password', '380-854-9743', false);
insert into Person (name, email, password, phone, admin) values ('Barnard Oxnam', 'boxnam5r@furl.net', 'password', '385-449-7784', false);
insert into Person (name, email, password, phone, admin) values ('Lynea Cooling', 'lcooling5s@ted.com', 'password', '352-758-1809', false);
insert into Person (name, email, password, phone, admin) values ('Hulda Killcross', 'hkillcross5t@boston.com', 'password', '282-270-2882', false);
insert into Person (name, email, password, phone, admin) values ( 'Reinhold Zelner', 'rzelner5u@whitehouse.gov', 'password', '506-304-1313', false);
insert into Person (name, email, password, phone, admin) values ( 'Mollee Chesson', 'mchesson5v@edublogs.org', 'password', '366-263-0229', false);
insert into Person (name, email, password, phone, admin) values ( 'Duff Chart', 'dchart5w@t-online.de', 'password', '820-924-7456', false);
insert into Person (name, email, password, phone, admin) values ( 'Jonas Sporle', 'jsporle5x@squarespace.com', 'password', null, false);
insert into Person (name, email, password, phone, admin) values ( 'Perla Losel', 'plosel5y@sphinn.com', 'password', null, false);
insert into Person (name, email, password, phone, admin) values ( 'Cyrill Blaise', 'cblaise5z@xrea.com', 'password', '351-288-2110', false);
insert into Person (name, email, password, phone, admin) values ( 'Gennie Janusz', 'gjanusz60@dion.ne.jp', 'password', '961-669-7397', false);
insert into Person (name, email, password, phone, admin) values ( 'Obediah Manion', 'omanion61@ow.ly', 'password', '930-612-7045', false);
insert into Person (name, email, password, phone, admin) values ( 'Hali Lowcock', 'hlowcock62@rambler.ru', 'password', '465-834-4330', false);
insert into Person (name, email, password, phone, admin) values ( 'Holly-anne Brabin', 'hbrabin63@rediff.com', 'password', '251-524-3020', false);
insert into Person (name, email, password, phone, admin) values ( 'Eartha Whatmough', 'ewhatmough64@globo.com', 'password', '254-766-4613', false);
insert into Person (name, email, password, phone, admin) values ( 'Chelsea Jerrard', 'cjerrard65@quantcast.com', 'password', '749-917-3855', false);
insert into Person (name, email, password, phone, admin) values ( 'Shauna Schwanden', 'sschwanden66@ning.com', 'password', '667-239-9289', false);
insert into Person (name, email, password, phone, admin) values ( 'Dinnie Cavie', 'dcavie67@slashdot.org', 'password', '728-257-7470', false);
insert into Person (name, email, password, phone, admin) values ( 'Bennett Dugdale', 'bdugdale68@sun.com', 'password', '212-981-6523', false);
insert into Person (name, email, password, phone, admin) values ( 'Elyn Wyld', 'ewyld69@mail.ru', 'password', '241-352-0616', false);
insert into Person (name, email, password, phone, admin) values ( 'Mickey Bedow', 'mbedow6a@biglobe.ne.jp', 'password', '232-491-5597', false);
insert into Person (name, email, password, phone, admin) values ( 'Garvin Ellerbeck', 'gellerbeck6b@w3.org', 'password', null, false);
insert into Person (name, email, password, phone, admin) values ( 'Erasmus Lowre', 'elowre6c@japanpost.jp', 'password', '624-931-6111', false);
insert into Person (name, email, password, phone, admin) values ( 'Sterne Gooderridge', 'sgooderridge6d@prlog.org', 'password', '521-159-4040', false);
insert into Person (name, email, password, phone, admin) values ('Sauveur Gradley', 'sgradley6e@ft.com', 'password', '237-204-0314', false);
insert into Person (name, email, password, phone, admin) values ('Dulcia Blaw', 'dblaw6f@gravatar.com', 'password', '617-662-4528', false);
insert into Person (name, email, password, phone, admin) values ('Elisa Pargent', 'epargent6g@indiegogo.com', 'password', '783-162-8463', false);
insert into Person (name, email, password, phone, admin) values ('Hunter Silverstone', 'hsilverstone6h@live.com', 'password', '913-980-4933', false);
insert into Person (name, email, password, phone, admin) values ('Maureene Rispin', 'mrispin6i@ehow.com', 'password', '476-946-6124', false);
insert into Person (name, email, password, phone, admin) values ('Karrie Purcer', 'kpurcer6j@abc.net.au', 'password', '933-141-5137', false);
insert into Person (name, email, password, phone, admin) values ('Edi Duffer', 'eduffer6k@utexas.edu', 'password', '993-124-3726', false);
insert into Person (name, email, password, phone, admin) values ('Alisander Spieght', 'aspieght6l@columbia.edu', 'password', '235-579-4038', false);
insert into Person (name, email, password, phone, admin) values ('Guendolen Sciusscietto', 'gsciusscietto6m@wordpress.com', 'password', '933-998-8489', false);
insert into Person (name, email, password, phone, admin) values ('Elliott Voyce', 'evoyce6n@storify.com', 'password', '544-604-6976', false);
insert into Person (name, email, password, phone, admin) values ('Mel Pahl', 'mpahl6o@ted.com', 'password', '728-245-0207', false);
insert into Person (name, email, password, phone, admin) values ('Kin Casol', 'kcasol6p@wikimedia.org', 'password', '186-282-6374', false);
insert into Person (name, email, password, phone, admin) values ('Panchito Cromleholme', 'pcromleholme6q@seesaa.net', 'password', '744-183-4330', false);
insert into Person (name, email, password, phone, admin) values ('Janeta Pieche', 'jpieche6r@icio.us', 'password', '502-346-6267', false);
insert into Person (name, email, password, phone, admin) values ('Doreen Dannohl', 'ddannohl6s@kickstarter.com', 'password', '310-196-5940', false);
insert into Person (name, email, password, phone, admin) values ('Nady Hyne', 'nhyne6t@jiathis.com', 'password', '358-298-5320', false);
insert into Person (name, email, password, phone, admin) values ('Devy Fotheringham', 'dfotheringham6u@ycombinator.com', 'password', '887-470-8651', false);
insert into Person (name, email, password, phone, admin) values ('Lek Melledy', 'lmelledy6v@yahoo.co.jp', 'password', '859-998-5119', false);
insert into Person (name, email, password, phone, admin) values ('Mersey Seeborne', 'mseeborne6w@blogs.com', 'password', '948-338-4607', false);
insert into Person (name, email, password, phone, admin) values ('Quinn Iacomini', 'qiacomini6x@intel.com', 'password', '157-105-5051', false);
insert into Person (name, email, password, phone, admin) values ('Gloriana Santen', 'gsanten6y@businessweek.com', 'password', '548-693-1361', false);
insert into Person (name, email, password, phone, admin) values ('Jessi Filippone', 'jfilippone6z@amazon.co.jp', 'password', '513-758-2336', false);
insert into Person (name, email, password, phone, admin) values ('Andros Lutz', 'alutz70@sciencedaily.com', 'password', '678-609-7444', false);
insert into Person (name, email, password, phone, admin) values ('Marja Dod', 'mdod71@hostgator.com', 'password', '502-509-7228', false);
insert into Person (name, email, password, phone, admin) values ('Imogen Forth', 'iforth72@sphinn.com', 'password', '915-810-0575', false);
insert into Person (name, email, password, phone, admin) values ('Peadar Challicombe', 'pchallicombe73@yandex.ru', 'password', '462-959-8665', false);
insert into Person (name, email, password, phone, admin) values ('Tanitansy Rickards', 'trickards74@examiner.com', 'password', '991-937-9075', false);
insert into Person (name, email, password, phone, admin) values ('Dmitri O''Roan', 'doroan75@amazon.co.jp', 'password', '951-182-9652', false);
insert into Person (name, email, password, phone, admin) values ('Kassie Foulkes', 'kfoulkes76@drupal.org', 'password', '576-551-6056', false);
insert into Person (name, email, password, phone, admin) values ('Poul Benedek', 'pbenedek77@globo.com', 'password', '331-726-2794', false);
insert into Person (name, email, password, phone, admin) values ('Merwyn Paskins', 'mpaskins78@adobe.com', 'password', '621-225-2635', false);
insert into Person (name, email, password, phone, admin) values ('Vonnie Troker', 'vtroker79@icq.com', 'password', '886-986-1056', false);
insert into Person (name, email, password, phone, admin) values ('Brittney Haukey', 'bhaukey7a@domainmarket.com', 'password', '488-409-3476', false);
insert into Person (name, email, password, phone, admin) values ('Parsifal Odlin', 'podlin7b@nih.gov', 'password', '797-616-9940', false);
insert into Person (name, email, password, phone, admin) values ('Odell Guarnier', 'oguarnier7c@bing.com', 'password', '321-870-5913', false);
insert into Person (name, email, password, phone, admin) values ('Anett Skellen', 'askellen7d@twitpic.com', 'password', '635-373-1568', false);
insert into Person (name, email, password, phone, admin) values ('Glenn Winman', 'gwinman7e@walmart.com', 'password', '409-630-4300', false);
insert into Person (name, email, password, phone, admin) values ('Marielle Rottgers', 'mrottgers7f@simplemachines.org', 'password', '961-723-0334', false);
insert into Person (name, email, password, phone, admin) values ('Daryl Langham', 'dlangham7g@elegantthemes.com', 'password', '379-323-4034', false);
insert into Person (name, email, password, phone, admin) values ('Kial Dunlop', 'kdunlop7h@ox.ac.uk', 'password', '323-259-1315', false);
insert into Person (name, email, password, phone, admin) values ('Bobbee Robshaw', 'brobshaw7i@ifeng.com', 'password', '534-588-4881', false);
insert into Person (name, email, password, phone, admin) values ('Inigo Cockshott', 'icockshott7j@google.com', 'password', '480-200-3955', false);
insert into Person (name, email, password, phone, admin) values ('Zandra Foucard', 'zfoucard7k@e-recht24.de', 'password', '500-492-9365', false);
insert into Person (name, email, password, phone, admin) values ('Nora Itzcovich', 'nitzcovich7l@unc.edu', 'password', '452-384-4843', false);
insert into Person (name, email, password, phone, admin) values ('Kristi Northedge', 'knorthedge7m@nhs.uk', 'password', '467-624-9477', false);
insert into Person (name, email, password, phone, admin) values ('Corrianne Simonassi', 'csimonassi7n@ning.com', 'password', '845-539-3754', false);
insert into Person (name, email, password, phone, admin) values ('Rosette McMahon', 'rmcmahon7o@google.com.hk', 'password', '900-174-6216', false);
insert into Person (name, email, password, phone, admin) values ('Ali Shortall', 'ashortall7p@oracle.com', 'password', null, false);
insert into Person (name, email, password, phone, admin) values ('Elli O''Howbane', 'eohowbane7q@nba.com', 'password', '994-220-1452', false);
insert into Person (name, email, password, phone, admin) values ('Carmelle Shoutt', 'cshoutt7r@jigsy.com', 'password', null, false);
insert into Person (name, email, password, phone, admin) values ('Dori Cunrado', 'dcunrado7s@independent.co.uk', 'password', '746-773-7853', false);
insert into Person (name, email, password, phone, admin) values ('Cirstoforo Niesegen', 'cniesegen7t@studiopress.com', 'password', '666-236-3957', false);
insert into Person (name, email, password, phone, admin) values ('Aretha Mulvaney', 'amulvaney7u@state.gov', 'password', '979-246-6689', false);
insert into Person (name, email, password, phone, admin) values ('Francene Davidowsky', 'fdavidowsky7v@networksolutions.com', 'password', '135-271-5402', false);
insert into Person (name, email, password, phone, admin) values ('Faydra Joinson', 'fjoinson7w@flickr.com', 'password', '157-643-8703', false);
insert into Person (name, email, password, phone, admin) values ('Johnnie Pollington', 'jpollington7x@ox.ac.uk', 'password', null, false);
insert into Person (name, email, password, phone, admin) values ('Debee Tippett', 'dtippett7y@abc.net.au', 'password', null, false);
insert into Person (name, email, password, phone, admin) values ('Dorine Kiffe', 'dkiffe7z@yellowbook.com', 'password', '179-313-8820', false);
insert into Person (name, email, password, phone, admin) values ('Natividad Oxborough', 'noxborough80@harvard.edu', 'password', '891-595-5881', false);
insert into Person (name, email, password, phone, admin) values ('Merl Reddan', 'mreddan81@nih.gov', 'password', '865-484-5758', false);
insert into Person (name, email, password, phone, admin) values ('Deedee Ledur', 'dledur82@wikipedia.org', 'password', '864-897-9274', false);
insert into Person (name, email, password, phone, admin) values ('Edie Stonner', 'estonner83@studiopress.com', 'password', null, false);
insert into Person (name, email, password, phone, admin) values ('Zacharias Hackinge', 'zhackinge84@narod.ru', 'password', '134-518-3575', false);
insert into Person (name, email, password, phone, admin) values ('Gabi Schubart', 'gschubart85@wordpress.com', 'password', '460-906-2000', false);
insert into Person (name, email, password, phone, admin) values ('Jeniffer Prinett', 'jprinett86@dropbox.com', 'password', null, false);
insert into Person (name, email, password, phone, admin) values ('Giustina Atkins', 'gatkins87@slideshare.net', 'password', null, false);
insert into Person (name, email, password, phone, admin) values ('Madel Cadding', 'mcadding88@prlog.org', 'password', '856-209-2633', false);
insert into Person (name, email, password, phone, admin) values ('Rhys Cathie', 'rcathie89@ehow.com', 'password', '119-933-9138', false);
insert into Person (name, email, password, phone, admin) values ('Davidson Archanbault', 'darchanbault8a@studiopress.com', 'password', '979-411-2834', false);
insert into Person (name, email, password, phone, admin, admin) values ('Jessie Mawtus', 'jmawtus8b@edublogs.org', 'password', '952-998-7826', false);


-- Departments (tentative list)
insert into Departments (department) values ('African and African American Studies');
insert into Departments (department) values ('Art History');
insert into Departments (department) values ('Asian and Middle Eastern Studies');
insert into Departments (department) values ('Biology');
insert into Departments (department) values ('Biomedical Engineering');
insert into Departments (department) values ('Biophysics');
insert into Departments (department) values ('Brazilian and Global Portuguese Studies');
insert into Departments (department) values ('Civil Engineering');
insert into Departments (department) values ('Classical Civilization');
insert into Departments (department) values ('Classical Languages');
insert into Departments (department) values ('Computer Science');
insert into Departments (department) values ('Cultural Anthropology');
insert into Departments (department) values ('Dance');
insert into Departments (department) values ('Earth and Ocean Sciences');
insert into Departments (department) values ('Economics');
insert into Departments (department) values ('Electrical and Computer Engineering');
insert into Departments (department) values ('English');
insert into Departments (department) values ('Environmental Engineering');
insert into Departments (department) values ('Environmental Sciences');
insert into Departments (department) values ('Environmental Sciences and Policy');
insert into Departments (department) values ('Evolutionary Anthropology');
insert into Departments (department) values ('French Studies');
insert into Departments (department) values ('Gender, Sexuality, and Feminist Studies');
insert into Departments (department) values ('German');
insert into Departments (department) values ('Global Cultural Studies');
insert into Departments (department) values ('Global Health');
insert into Departments (department) values ('History');
insert into Departments (department) values ('International Comparative Studies');
insert into Departments (department) values ('Italian Studies');
insert into Departments (department) values ('Linguistics');
insert into Departments (department) values ('Mathematics');
insert into Departments (department) values ('Mechanical Engineering');
insert into Departments (department) values ('Medieval and Renaissance Studies');
insert into Departments (department) values ('Music');
insert into Departments (department) values ('Neuroscience');
insert into Departments (department) values ('Philosophy');
insert into Departments (department) values ('Physics');
insert into Departments (department) values ('Political Science');
insert into Departments (department) values ('Psychology');
insert into Departments (department) values ('Public Policy Studies');
insert into Departments (department) values ('Religious Studies');
insert into Departments (department) values ('Romance Studies');
insert into Departments (department) values ('Russian');
insert into Departments (department) values ('Slavic and Eurasian Studies');
insert into Departments (department) values ('Sociology');
insert into Departments (department) values ('Spanish, Latin American, and Latino/a Studies');
insert into Departments (department) values ('Statistical Science');
insert into Departments (department) values ('Theater Studies');
insert into Departments (department) values ('Visual Arts');
insert into Departments (department) values ('Visual and Media Studies');

-- dummy project leads
insert into LeadInfo (id, website) values (1, 'https://pagesperso-orange.fr');
insert into LeadInfo (id, website) values (2, 'http://fc2.com');
insert into LeadInfo (id, website) values (3, null);
insert into LeadInfo (id, website) values (4, null);
insert into LeadInfo (id, website) values (5, 'https://yellowpages.com');
insert into LeadInfo (id, website) values (6, 'http://ebay.com');
insert into LeadInfo (id, website) values (7, null);
insert into LeadInfo (id, website) values (8, 'http://blinklist.com');
insert into LeadInfo (id, website) values (9, 'http://spotify.com');
insert into LeadInfo (id, website) values (10, 'http://xrea.com');
insert into LeadInfo (id, website) values (11, null);
insert into LeadInfo (id, website) values (12, 'http://acquirethisname.com');
insert into LeadInfo (id, website) values (13, 'https://biglobe.ne.jp');
insert into LeadInfo (id, website) values (14, 'https://comcast.net');
insert into LeadInfo (id, website) values (15, 'https://state.gov');
insert into LeadInfo (id, website) values (16, null);
insert into LeadInfo (id, website) values (17, null);
insert into LeadInfo (id, website) values (18, 'https://so-net.ne.jp');
insert into LeadInfo (id, website) values (19, null);
insert into LeadInfo (id, website) values (20, 'https://ucsd.edu');
insert into LeadInfo (id, website) values (21, 'http://blogger.com');
insert into LeadInfo (id, website) values (22, 'https://zdnet.com');
insert into LeadInfo (id, website) values (23, 'https://cisco.com');
insert into LeadInfo (id, website) values (24, 'https://timesonline.co.uk');
insert into LeadInfo (id, website) values (25, null);
insert into LeadInfo (id, website) values (26, null);
insert into LeadInfo (id, website) values (27, 'https://geocities.com');
insert into LeadInfo (id, website) values (28, null);
insert into LeadInfo (id, website) values (29, 'https://newsvine.com');
insert into LeadInfo (id, website) values (30, 'http://furl.net');
insert into LeadInfo (id, website) values (31, 'http://symantec.com');
insert into LeadInfo (id, website) values (32, 'https://hhs.gov');
insert into LeadInfo (id, website) values (33, null);
insert into LeadInfo (id, website) values (34, 'https://1und1.de');
insert into LeadInfo (id, website) values (35, 'https://oakley.com');
insert into LeadInfo (id, website) values (36, null);
insert into LeadInfo (id, website) values (37, null);
insert into LeadInfo (id, website) values (38, 'http://baidu.com');
insert into LeadInfo (id, website) values (39, null);
insert into LeadInfo (id, website) values (40, 'http://yellowpages.com');
insert into LeadInfo (id, website) values (41, 'http://unicef.org');
insert into LeadInfo (id, website) values (42, 'http://telegraph.co.uk');
insert into LeadInfo (id, website) values (43, 'http://ebay.co.uk');
insert into LeadInfo (id, website) values (44, 'http://jalbum.net');
insert into LeadInfo (id, website) values (45, null);
insert into LeadInfo (id, website) values (46, 'http://chronoengine.com');
insert into LeadInfo (id, website) values (47, 'https://admin.ch');
insert into LeadInfo (id, website) values (48, null);
insert into LeadInfo (id, website) values (49, 'http://mashable.com');
insert into LeadInfo (id, website) values (50, 'https://slideshare.net');
insert into LeadInfo (id, website) values (51, 'http://php.net');
insert into LeadInfo (id, website) values (52, 'http://bbb.org');
insert into LeadInfo (id, website) values (53, 'https://e-recht24.de');
insert into LeadInfo (id, website) values (54, 'https://mozilla.org');
insert into LeadInfo (id, website) values (55, null);
insert into LeadInfo (id, website) values (56, null);
insert into LeadInfo (id, website) values (57, 'https://vkontakte.ru');
insert into LeadInfo (id, website) values (58, 'https://creativecommons.org');
insert into LeadInfo (id, website) values (59, 'http://last.fm');
insert into LeadInfo (id, website) values (60, null);
insert into LeadInfo (id, website) values (61, 'https://cisco.com');
insert into LeadInfo (id, website) values (62, 'https://friendfeed.com');
insert into LeadInfo (id, website) values (63, 'http://springer.com');
insert into LeadInfo (id, website) values (64, 'http://booking.com');
insert into LeadInfo (id, website) values (65, 'http://barnesandnoble.com');
insert into LeadInfo (id, website) values (66, null);
insert into LeadInfo (id, website) values (67, null);
insert into LeadInfo (id, website) values (68, 'http://wufoo.com');
insert into LeadInfo (id, website) values (69, 'http://archive.org');
insert into LeadInfo (id, website) values (70, 'https://fotki.com');
insert into LeadInfo (id, website) values (71, 'http://youku.com');
insert into LeadInfo (id, website) values (72, 'http://theglobeandmail.com');
insert into LeadInfo (id, website) values (73, null);
insert into LeadInfo (id, website) values (74, 'http://hatena.ne.jp');
insert into LeadInfo (id, website) values (75, null);
insert into LeadInfo (id, website) values (76, 'https://ed.gov');
insert into LeadInfo (id, website) values (77, null);
insert into LeadInfo (id, website) values (78, 'https://blinklist.com');
insert into LeadInfo (id, website) values (79, null);
insert into LeadInfo (id, website) values (80, 'https://tinyurl.com');
insert into LeadInfo (id, website) values (81, 'https://thetimes.co.uk');
insert into LeadInfo (id, website) values (82, 'https://ibm.com');
insert into LeadInfo (id, website) values (83, 'https://oracle.com');
insert into LeadInfo (id, website) values (84, 'https://hud.gov');
insert into LeadInfo (id, website) values (85, 'https://amazon.de');
insert into LeadInfo (id, website) values (86, null);
insert into LeadInfo (id, website) values (87, 'https://naver.com');
insert into LeadInfo (id, website) values (88, 'http://uol.com.br');
insert into LeadInfo (id, website) values (89, 'http://wikimedia.org');
insert into LeadInfo (id, website) values (90, null);
insert into LeadInfo (id, website) values (91, 'http://tripadvisor.com');
insert into LeadInfo (id, website) values (92, 'https://t-online.de');
insert into LeadInfo (id, website) values (93, null);
insert into LeadInfo (id, website) values (94, 'http://amazon.de');
insert into LeadInfo (id, website) values (95, null);
insert into LeadInfo (id, website) values (96, 'http://theguardian.com');
insert into LeadInfo (id, website) values (97, 'http://woothemes.com');
insert into LeadInfo (id, website) values (98, 'https://uiuc.edu');
insert into LeadInfo (id, website) values (99, null);
insert into LeadInfo (id, website) values (100, 'http://skyrock.com');


-- Corersponding departments for project leads (faculty members posting projects)
INSERT INTO LeadDept (id,department) VALUES (1,'French Studies'),(2,'German'),(3,'Cultural Anthropology'),(4,'Environmental Sciences'),(5,'Gender, Sexuality, and Feminist Studies'),(6,'Environmental Engineering'),(7,'French Studies'),(8,'Computer Science'),(9,'Economics'),(10,'Earth and Ocean Sciences');
INSERT INTO LeadDept (id,department) VALUES (11,'Electrical and Computer Engineering'),(12,'Economics'),(13,'English'),(14,'Earth and Ocean Sciences'),(15,'Computer Science'),(16,'Gender, Sexuality, and Feminist Studies'),(17,'Environmental Engineering'),(18,'Environmental Sciences'),(19,'English'),(20,'Environmental Sciences and Policy');
INSERT INTO LeadDept (id,department) VALUES (21,'Computer Science'),(22,'Dance'),(23,'Computer Science'),(24,'Dance'),(25,'Environmental Sciences and Policy'),(26,'German'),(27,'Gender, Sexuality, and Feminist Studies'),(28,'German'),(29,'Gender, Sexuality, and Feminist Studies'),(30,'French Studies');
INSERT INTO LeadDept (id,department) VALUES (31,'Gender, Sexuality, and Feminist Studies'),(32,'Environmental Sciences'),(33,'Environmental Engineering'),(34,'Cultural Anthropology'),(35,'Dance'),(36,'Environmental Sciences'),(37,'Gender, Sexuality, and Feminist Studies'),(38,'Economics'),(39,'German'),(40,'Environmental Engineering');
INSERT INTO LeadDept (id,department) VALUES (41,'Global Cultural Studies'),(42,'Dance'),(43,'Evolutionary Anthropology'),(44,'Dance'),(45,'Environmental Sciences'),(46,'Economics'),(47,'Environmental Engineering'),(48,'Cultural Anthropology'),(49,'German'),(50,'Cultural Anthropology');
INSERT INTO LeadDept (id,department) VALUES (51,'Earth and Ocean Sciences'),(52,'Gender, Sexuality, and Feminist Studies'),(53,'Environmental Engineering'),(54,'English'),(55,'Earth and Ocean Sciences'),(56,'Global Cultural Studies'),(57,'Gender, Sexuality, and Feminist Studies'),(58,'Computer Science'),(59,'English'),(60,'Earth and Ocean Sciences');
INSERT INTO LeadDept (id,department) VALUES (61,'Global Cultural Studies'),(62,'Economics'),(63,'English'),(64,'Computer Science'),(65,'Evolutionary Anthropology'),(66,'French Studies'),(67,'Economics'),(68,'French Studies'),(69,'Environmental Sciences'),(70,'German');
INSERT INTO LeadDept (id,department) VALUES (71,'Dance'),(72,'Evolutionary Anthropology'),(73,'English'),(74,'Gender, Sexuality, and Feminist Studies'),(75,'Environmental Sciences'),(76,'French Studies'),(77,'Gender, Sexuality, and Feminist Studies'),(78,'Environmental Sciences and Policy'),(79,'Global Cultural Studies'),(80,'French Studies');
INSERT INTO LeadDept (id,department) VALUES (81,'Electrical and Computer Engineering'),(82,'Evolutionary Anthropology'),(83,'English'),(84,'Environmental Sciences'),(85,'Evolutionary Anthropology'),(86,'German'),(87,'Economics'),(88,'Earth and Ocean Sciences'),(89,'Computer Science'),(90,'Dance');
INSERT INTO LeadDept (id,department) VALUES (91,'Global Cultural Studies'),(92,'Environmental Engineering'),(93,'German'),(94,'Evolutionary Anthropology'),(95,'Economics'),(96,'Global Cultural Studies'),(97,'Cultural Anthropology'),(98,'French Studies'),(99,'Evolutionary Anthropology'),(100,'Evolutionary Anthropology');

-- Dummy students
INSERT INTO StudentInfo (id,research_interests,resume,school,year) VALUES (101,'vitae nibh. Donec','urna.','Pratt School of Engineering','2019'),(102,'adipiscing elit. Aliquam','at','Pratt School of Engineering','2022'),(103,'eget magna. Suspendisse','in','Trinity College','2021'),(104,'lacus pede sagittis','Curabitur','Pratt School of Engineering','2021'),(105,'egestas. Duis ac','vitae','Trinity College','2019'),(106,'urna convallis erat,','sapien,','Pratt School of Engineering','2022'),(107,'lobortis. Class aptent','arcu.','Trinity College','2019'),(113,'consequat purus. Maecenas','lorem,','Trinity College','2021'),(109,'dapibus id, blandit','arcu.','Pratt School of Engineering','2021'),(110,'nisl elementum purus,','pede','Trinity College','2020');
INSERT INTO StudentInfo (id,research_interests,resume,school,year) VALUES (111,'ante blandit viverra.','vel,','Trinity College','2019'),(112,'mauris. Suspendisse aliquet','arcu.','Trinity College','2022'),(113,'adipiscing fringilla, porttitor','natoque','Pratt School of Engineering','2020'),(114,'ullamcorper. Duis cursus,','orci.','Trinity College','2022'),(115,'a neque. Nullam','Nunc','Pratt School of Engineering','2021'),(116,'dis parturient montes,','nec','Pratt School of Engineering','2021'),(117,'Fusce aliquet magna','Duis','Trinity College','2020'),(118,'Vivamus nibh dolor,','elit','Trinity College','2021'),(119,'Nunc mauris. Morbi','magna.','Trinity College','2020'),(120,'sagittis placerat. Cras','lectus','Trinity College','2019');
INSERT INTO StudentInfo (id,research_interests,resume,school,year) VALUES (121,'consectetuer adipiscing elit.','imperdiet','Trinity College','2021'),(122,'enim. Suspendisse aliquet,','Nunc','Trinity College','2019'),(123,'Pellentesque tincidunt tempus','blandit','Trinity College','2021'),(124,'orci, adipiscing non,','nisl','Pratt School of Engineering','2019'),(125,'massa. Mauris vestibulum,','morbi','Trinity College','2022'),(126,'massa. Quisque porttitor','dui','Pratt School of Engineering','2021'),(127,'est tempor bibendum.','Aliquam','Pratt School of Engineering','2021'),(128,'orci lacus vestibulum','augue','Pratt School of Engineering','2020'),(129,'Vestibulum ut eros','magna','Pratt School of Engineering','2022'),(130,'Praesent eu nulla','diam.','Trinity College','2019');
INSERT INTO StudentInfo (id,research_interests,resume,school,year) VALUES (131,'natoque penatibus et','diam','Pratt School of Engineering','2019'),(132,'morbi tristique senectus','tristique','Trinity College','2019'),(133,'ornare sagittis felis.','auctor','Pratt School of Engineering','2022'),(134,'erat neque non','penatibus','Trinity College','2020'),(135,'sociis natoque penatibus','dolor.','Trinity College','2020'),(136,'libero. Integer in','massa.','Trinity College','2022'),(137,'facilisis vitae, orci.','nisl','Trinity College','2021'),(138,'aliquam adipiscing lacus.','felis','Pratt School of Engineering','2021'),(139,'condimentum eget, volutpat','eu','Pratt School of Engineering','2019'),(140,'amet, dapibus id,','pede.','Trinity College','2020');
INSERT INTO StudentInfo (id,research_interests,resume,school,year) VALUES (141,'justo. Proin non','velit.','Pratt School of Engineering','2020'),(142,'sem eget massa.','mattis.','Pratt School of Engineering','2020'),(143,'et, eros. Proin','leo.','Trinity College','2021'),(144,'ridiculus mus. Donec','velit.','Trinity College','2021'),(145,'netus et malesuada','orci','Pratt School of Engineering','2022'),(146,'massa. Quisque porttitor','ante.','Pratt School of Engineering','2022'),(147,'Nullam vitae diam.','In','Pratt School of Engineering','2020'),(148,'luctus, ipsum leo','euismod','Pratt School of Engineering','2019'),(149,'ullamcorper, velit in','lobortis','Trinity College','2020'),(150,'morbi tristique senectus','fringilla.','Pratt School of Engineering','2021');
INSERT INTO StudentInfo (id,research_interests,resume,school,year) VALUES (151,'metus sit amet','enim.','Trinity College','2022'),(152,'Morbi neque tellus,','ad','Trinity College','2021'),(153,'libero. Donec consectetuer','leo.','Pratt School of Engineering','2021'),(154,'ac mattis velit','porttitor','Trinity College','2019'),(155,'Sed dictum. Proin','ante.','Trinity College','2020'),(156,'Sed eu nibh','blandit','Pratt School of Engineering','2022'),(157,'Phasellus vitae mauris','est.','Trinity College','2019'),(158,'lorem fringilla ornare','sed','Pratt School of Engineering','2022'),(159,'risus. Donec egestas.','velit.','Pratt School of Engineering','2019'),(160,'ipsum primis in','tempor','Trinity College','2021');
INSERT INTO StudentInfo (id,research_interests,resume,school,year) VALUES (161,'tempus risus. Donec','vel,','Pratt School of Engineering','2019'),(162,'et tristique pellentesque,','orci','Trinity College','2019'),(163,'molestie dapibus ligula.','ante','Trinity College','2022'),(164,'Praesent eu nulla','non,','Pratt School of Engineering','2021'),(165,'ullamcorper. Duis at','consequat','Trinity College','2022'),(166,'tristique ac, eleifend','mollis','Pratt School of Engineering','2022'),(167,'urna justo faucibus','velit.','Pratt School of Engineering','2019'),(168,'est. Nunc ullamcorper,','et,','Pratt School of Engineering','2021'),(169,'ullamcorper viverra. Maecenas','volutpat.','Trinity College','2021'),(170,'ullamcorper magna. Sed','lorem','Pratt School of Engineering','2021');
INSERT INTO StudentInfo (id,research_interests,resume,school,year) VALUES (171,'turpis egestas. Aliquam','arcu.','Trinity College','2022'),(172,'tellus sem mollis','ultricies','Pratt School of Engineering','2021'),(173,'libero mauris, aliquam','consectetuer','Trinity College','2021'),(174,'dolor. Nulla semper','justo','Trinity College','2019'),(175,'vehicula risus. Nulla','Integer','Pratt School of Engineering','2022'),(176,'purus, in molestie','mattis.','Pratt School of Engineering','2021'),(177,'ac ipsum. Phasellus','magna.','Trinity College','2020'),(178,'at pretium aliquet,','Pellentesque','Trinity College','2020'),(179,'ornare tortor at','Phasellus','Pratt School of Engineering','2019'),(180,'egestas. Sed pharetra,','Integer','Trinity College','2022');
INSERT INTO StudentInfo (id,research_interests,resume,school,year) VALUES (181,'facilisis vitae, orci.','nunc','Trinity College','2019'),(182,'euismod enim. Etiam','eu,','Trinity College','2022'),(183,'nisi dictum augue','lorem,','Pratt School of Engineering','2019'),(184,'Morbi non sapien','conubia','Pratt School of Engineering','2020'),(185,'auctor. Mauris vel','sem','Pratt School of Engineering','2021'),(186,'scelerisque neque sed','at,','Pratt School of Engineering','2021'),(187,'ipsum non arcu.','non','Pratt School of Engineering','2021'),(188,'ipsum leo elementum','Fusce','Pratt School of Engineering','2020'),(189,'Ut sagittis lobortis','malesuada','Trinity College','2020'),(190,'dignissim pharetra. Nam','nibh','Trinity College','2020');
INSERT INTO StudentInfo (id,research_interests,resume,school,year) VALUES (191,'id nunc interdum','ornare.','Pratt School of Engineering','2019'),(192,'lorem vitae odio','porta','Pratt School of Engineering','2019'),(193,'cursus. Nunc mauris','mi','Pratt School of Engineering','2020'),(194,'sit amet metus.','in','Pratt School of Engineering','2021'),(195,'pede. Praesent eu','orci,','Trinity College','2020'),(196,'libero et tristique','urna','Trinity College','2021'),(197,'Nullam feugiat placerat','velit','Trinity College','2020'),(198,'dolor, nonummy ac,','Integer','Trinity College','2021'),(199,'in magna. Phasellus','risus,','Trinity College','2021'),(200,'vel est tempor','tincidunt','Trinity College','2021');

INSERT INTO ProjectInfo (pid,name,num_spots,date_posted,description,skills_description,manager_id) VALUES (1,'nec metus facilisis lorem tristique',2,'11-15-17','ac tellus. Suspendisse sed dolor. Fusce mi lorem, vehicula et,','Nunc lectus pede, ultrices',68),(2,'dui, in sodales elit erat',5,'11-15-17','Integer urna. Vivamus molestie dapibus ligula. Aliquam erat volutpat. Nulla','nunc sed libero. Proin',33),(3,'semper tellus id nunc interdum',1,'11-15-17','tortor. Nunc commodo auctor velit. Aliquam nisl. Nulla eu neque','accumsan neque et nunc.',90),(4,'pede et risus. Quisque libero',2,'11-15-17','risus. Donec egestas. Aliquam nec enim. Nunc ut erat. Sed','Nunc commodo auctor velit.',23),(5,'amet, consectetuer adipiscing elit. Etiam',1,'11-15-17','euismod in, dolor. Fusce feugiat. Lorem ipsum dolor sit amet,','ac arcu. Nunc mauris.',75),(6,'dictum cursus. Nunc mauris elit,',4,'11-15-17','egestas. Duis ac arcu. Nunc mauris. Morbi non sapien molestie','nonummy ipsum non arcu.',1),(7,'Donec vitae erat vel pede',3,'11-15-17','metus sit amet ante. Vivamus non lorem vitae odio sagittis','iaculis nec, eleifend non,',55),(8,'odio tristique pharetra. Quisque ac',2,'11-15-17','lobortis. Class aptent taciti sociosqu ad litora torquent per conubia','vitae sodales nisi magna',37),(9,'vehicula. Pellentesque tincidunt tempus risus.',4,'11-15-17','dictum eu, placerat eget, venenatis a, magna. Lorem ipsum dolor','magnis dis parturient montes,',60),(10,'dignissim magna a tortor. Nunc',1,'11-15-17','ridiculus mus. Donec dignissim magna a tortor. Nunc commodo auctor','amet, consectetuer adipiscing elit.',91);
INSERT INTO ProjectInfo (pid,name,num_spots,date_posted,description,skills_description,manager_id) VALUES (11,'vel arcu eu odio tristique',4,'11-15-17','rhoncus. Proin nisl sem, consequat nec, mollis vitae, posuere at,','dignissim tempor arcu. Vestibulum',99),(12,'eu turpis. Nulla aliquet. Proin',3,'11-15-17','nibh dolor, nonummy ac, feugiat non, lobortis quis, pede. Suspendisse','nulla. Cras eu tellus',76),(13,'montes, nascetur ridiculus mus. Proin',3,'11-15-17','amet metus. Aliquam erat volutpat. Nulla facilisis. Suspendisse commodo tincidunt','pharetra. Quisque ac libero',76),(14,'auctor quis, tristique ac, eleifend',3,'11-15-17','convallis in, cursus et, eros. Proin ultrices. Duis volutpat nunc','Proin eget odio. Aliquam',4),(15,'Fusce mollis. Duis sit amet',4,'11-15-17','leo, in lobortis tellus justo sit amet nulla. Donec non','tempus risus. Donec egestas.',90),(16,'semper cursus. Integer mollis. Integer',3,'11-15-17','in magna. Phasellus dolor elit, pellentesque a, facilisis non, bibendum','Sed auctor odio a',44),(17,'sodales purus, in molestie tortor',1,'11-15-17','a felis ullamcorper viverra. Maecenas iaculis aliquet diam. Sed diam','orci sem eget massa.',79),(18,'volutpat. Nulla facilisis. Suspendisse commodo',3,'11-15-17','arcu iaculis enim, sit amet ornare lectus justo eu arcu.','laoreet, libero et tristique',37),(19,'et ultrices posuere cubilia Curae;',1,'11-15-17','justo. Praesent luctus. Curabitur egestas nunc sed libero. Proin sed','amet ultricies sem magna',85),(20,'odio. Nam interdum enim non',5,'11-15-17','quam. Pellentesque habitant morbi tristique senectus et netus et malesuada','feugiat placerat velit. Quisque',47);
INSERT INTO ProjectInfo (pid,name,num_spots,date_posted,description,skills_description,manager_id) VALUES (21,'nec metus facilisis lorem tristique',5,'11-15-17','sapien molestie orci tincidunt adipiscing. Mauris molestie pharetra nibh. Aliquam','Donec felis orci, adipiscing',68),(22,'eu odio tristique pharetra. Quisque',1,'11-15-17','congue, elit sed consequat auctor, nunc nulla vulputate dui, nec','tempus non, lacinia at,',82),(23,'dictum cursus. Nunc mauris elit,',2,'11-15-17','amet, consectetuer adipiscing elit. Aliquam auctor, velit eget laoreet posuere,','varius et, euismod et,',53),(24,'ut, sem. Nulla interdum. Curabitur',2,'11-15-17','turpis egestas. Aliquam fringilla cursus purus. Nullam scelerisque neque sed','Suspendisse sagittis. Nullam vitae',74),(25,'nibh dolor, nonummy ac, feugiat',5,'11-15-17','odio vel est tempor bibendum. Donec felis orci, adipiscing non,','laoreet posuere, enim nisl',30),(26,'elit, pellentesque a, facilisis non,',2,'11-15-17','pellentesque a, facilisis non, bibendum sed, est. Nunc laoreet lectus','neque. In ornare sagittis',15),(27,'enim nec tempus scelerisque, lorem',3,'11-15-17','orci luctus et ultrices posuere cubilia Curae; Phasellus ornare. Fusce','fringilla mi lacinia mattis.',12),(28,'tincidunt vehicula risus. Nulla eget',3,'11-15-17','sem ut cursus luctus, ipsum leo elementum sem, vitae aliquam','sapien imperdiet ornare. In',17),(29,'sagittis semper. Nam tempor diam',1,'11-15-17','hendrerit id, ante. Nunc mauris sapien, cursus in, hendrerit consectetuer,','arcu. Vivamus sit amet',79),(30,'neque. Sed eget lacus. Mauris',1,'11-15-17','Phasellus dolor elit, pellentesque a, facilisis non, bibendum sed, est.','Nunc ac sem ut',74);
INSERT INTO ProjectInfo (pid,name,num_spots,date_posted,description,skills_description,manager_id) VALUES (31,'dis parturient montes, nascetur ridiculus',1,'12-20-17','dis parturient montes, nascetur ridiculus mus. Proin vel arcu eu','parturient montes, nascetur ridiculus',82),(32,'mauris a nunc. In at',4,'12-20-17','orci luctus et ultrices posuere cubilia Curae; Phasellus ornare. Fusce','convallis ligula. Donec luctus',48),(33,'est. Nunc laoreet lectus quis',1,'12-20-17','habitant morbi tristique senectus et netus et malesuada fames ac','velit. Cras lorem lorem,',11),(34,'tempus eu, ligula. Aenean euismod',1,'12-20-17','sociis natoque penatibus et magnis dis parturient montes, nascetur ridiculus','neque vitae semper egestas,',1),(35,'faucibus leo, in lobortis tellus',3,'12-20-17','sit amet massa. Quisque porttitor eros nec tellus. Nunc lectus','blandit viverra. Donec tempus,',51),(36,'neque et nunc. Quisque ornare',5,'12-20-17','in sodales elit erat vitae risus. Duis a mi fringilla','aliquam arcu. Aliquam ultrices',94),(37,'aliquet. Proin velit. Sed malesuada',4,'12-20-17','neque. Nullam nisl. Maecenas malesuada fringilla est. Mauris eu turpis.','interdum. Nunc sollicitudin commodo',5),(38,'nulla. Donec non justo. Proin',4,'12-20-17','non magna. Nam ligula elit, pretium et, rutrum non, hendrerit','ornare, lectus ante dictum',63),(39,'auctor ullamcorper, nisl arcu iaculis',5,'12-20-17','dignissim tempor arcu. Vestibulum ut eros non enim commodo hendrerit.','mi fringilla mi lacinia',1),(40,'ultrices. Vivamus rhoncus. Donec est.',3,'12-20-17','ad litora torquent per conubia nostra, per inceptos hymenaeos. Mauris','vitae dolor. Donec fringilla.',78);
INSERT INTO ProjectInfo (pid,name,num_spots,date_posted,description,skills_description,manager_id) VALUES (41,'gravida sagittis. Duis gravida. Praesent',3,'12-20-17','ultrices posuere cubilia Curae; Phasellus ornare. Fusce mollis. Duis sit','eu nibh vulputate mauris',93),(42,'natoque penatibus et magnis dis',5,'12-20-17','gravida nunc sed pede. Cum sociis natoque penatibus et magnis','rhoncus id, mollis nec,',18),(43,'ipsum sodales purus, in molestie',5,'12-20-17','fermentum convallis ligula. Donec luctus aliquet odio. Etiam ligula tortor,','odio a purus. Duis',57),(44,'gravida. Aliquam tincidunt, nunc ac',2,'12-20-17','augue ut lacus. Nulla tincidunt, neque vitae semper egestas, urna','feugiat. Lorem ipsum dolor',43),(45,'magna. Praesent interdum ligula eu',4,'12-20-17','elit. Curabitur sed tortor. Integer aliquam adipiscing lacus. Ut nec','sit amet ultricies sem',85),(46,'ac mattis ornare, lectus ante',5,'12-20-17','Mauris eu turpis. Nulla aliquet. Proin velit. Sed malesuada augue','Suspendisse ac metus vitae',70),(47,'urna, nec luctus felis purus',5,'12-20-17','quis, pede. Praesent eu dui. Cum sociis natoque penatibus et','congue a, aliquet vel,',2),(48,'Curabitur dictum. Phasellus in felis.',4,'12-20-17','Vivamus sit amet risus. Donec egestas. Aliquam nec enim. Nunc','mi felis, adipiscing fringilla,',36),(49,'vulputate eu, odio. Phasellus at',4,'12-20-17','Sed diam lorem, auctor quis, tristique ac, eleifend vitae, erat.','leo. Vivamus nibh dolor,',88),(50,'mauris sagittis placerat. Cras dictum',4,'12-20-17','dolor dolor, tempus non, lacinia at, iaculis quis, pede. Praesent','dapibus quam quis diam.',11);
INSERT INTO ProjectInfo (pid,name,num_spots,date_posted,description,skills_description,manager_id) VALUES (51,'ligula consectetuer rhoncus. Nullam velit',4,'01-02-18','nulla. Cras eu tellus eu augue porttitor interdum. Sed auctor','purus, in molestie tortor',8),(52,'iaculis odio. Nam interdum enim',4,'01-02-18','Praesent luctus. Curabitur egestas nunc sed libero. Proin sed turpis','ac mattis velit justo',29),(53,'vitae dolor. Donec fringilla. Donec',5,'01-02-18','sollicitudin adipiscing ligula. Aenean gravida nunc sed pede. Cum sociis','Mauris eu turpis. Nulla',6),(54,'eu, placerat eget, venenatis a,',5,'01-02-18','dignissim. Maecenas ornare egestas ligula. Nullam feugiat placerat velit. Quisque','fames ac turpis egestas.',74),(55,'Quisque ornare tortor at risus.',1,'01-02-18','pede. Praesent eu dui. Cum sociis natoque penatibus et magnis','facilisi. Sed neque. Sed',61),(56,'eget lacus. Mauris non dui',3,'01-02-18','convallis, ante lectus convallis est, vitae sodales nisi magna sed','nec, mollis vitae, posuere',23),(57,'et, rutrum non, hendrerit id,',2,'01-02-18','nonummy. Fusce fermentum fermentum arcu. Vestibulum ante ipsum primis in','Duis gravida. Praesent eu',41),(58,'at pede. Cras vulputate velit',1,'01-02-18','velit in aliquet lobortis, nisi nibh lacinia orci, consectetuer euismod','bibendum. Donec felis orci,',13),(59,'Sed et libero. Proin mi.',3,'01-02-18','adipiscing elit. Aliquam auctor, velit eget laoreet posuere, enim nisl','Sed congue, elit sed',99),(60,'interdum. Sed auctor odio a',2,'01-02-18','pede. Cras vulputate velit eu sem. Pellentesque ut ipsum ac','fermentum risus, at fringilla',32);
INSERT INTO ProjectInfo (pid,name,num_spots,date_posted,description,skills_description,manager_id) VALUES (61,'felis purus ac tellus. Suspendisse',5,'01-02-18','Nunc mauris. Morbi non sapien molestie orci tincidunt adipiscing. Mauris','placerat, orci lacus vestibulum',22),(62,'nonummy. Fusce fermentum fermentum arcu.',1,'01-02-18','Mauris ut quam vel sapien imperdiet ornare. In faucibus. Morbi','Maecenas libero est, congue',92),(63,'eleifend vitae, erat. Vivamus nisi.',4,'01-02-18','blandit congue. In scelerisque scelerisque dui. Suspendisse ac metus vitae','sit amet ornare lectus',34),(64,'eget laoreet posuere, enim nisl',3,'01-02-18','pede et risus. Quisque libero lacus, varius et, euismod et,','lobortis quis, pede. Suspendisse',56),(65,'volutpat ornare, facilisis eget, ipsum.',5,'01-02-18','lorem ac risus. Morbi metus. Vivamus euismod urna. Nullam lobortis','nisl. Quisque fringilla euismod',90),(66,'condimentum eget, volutpat ornare, facilisis',5,'01-02-18','quam vel sapien imperdiet ornare. In faucibus. Morbi vehicula. Pellentesque','Suspendisse aliquet, sem ut',56),(67,'lacus. Quisque imperdiet, erat nonummy',3,'01-02-18','eu metus. In lorem. Donec elementum, lorem ut aliquam iaculis,','enim diam vel arcu.',11),(68,'cursus in, hendrerit consectetuer, cursus',3,'01-02-18','fringilla. Donec feugiat metus sit amet ante. Vivamus non lorem','justo nec ante. Maecenas',40),(69,'semper rutrum. Fusce dolor quam,',1,'01-02-18','nisl arcu iaculis enim, sit amet ornare lectus justo eu','at pede. Cras vulputate',5),(70,'a, magna. Lorem ipsum dolor',5,'01-02-18','est ac mattis semper, dui lectus rutrum urna, nec luctus','enim. Etiam gravida molestie',28);
INSERT INTO ProjectInfo (pid,name,num_spots,date_posted,description,skills_description,manager_id) VALUES (71,'pretium et, rutrum non, hendrerit',4,'01-02-18','non, vestibulum nec, euismod in, dolor. Fusce feugiat. Lorem ipsum','lorem tristique aliquet. Phasellus',66),(72,'sed sem egestas blandit. Nam',3,'01-02-18','tellus, imperdiet non, vestibulum nec, euismod in, dolor. Fusce feugiat.','nulla. In tincidunt congue',65),(73,'metus vitae velit egestas lacinia.',2,'01-02-18','gravida sagittis. Duis gravida. Praesent eu nulla at sem molestie','ante. Nunc mauris sapien,',72),(74,'elit, a feugiat tellus lorem',2,'01-02-18','nonummy ac, feugiat non, lobortis quis, pede. Suspendisse dui. Fusce','fermentum convallis ligula. Donec',32),(75,'non, feugiat nec, diam. Duis',3,'01-02-18','purus. Maecenas libero est, congue a, aliquet vel, vulputate eu,','neque. Sed eget lacus.',91),(76,'Quisque porttitor eros nec tellus.',3,'01-02-18','lobortis ultrices. Vivamus rhoncus. Donec est. Nunc ullamcorper, velit in','velit in aliquet lobortis,',26),(77,'Curae; Donec tincidunt. Donec vitae',3,'01-02-18','Proin eget odio. Aliquam vulputate ullamcorper magna. Sed eu eros.','primis in faucibus orci',31),(78,'Nullam ut nisi a odio',1,'01-02-18','in faucibus orci luctus et ultrices posuere cubilia Curae; Phasellus','Mauris non dui nec',21),(79,'lectus pede, ultrices a, auctor',3,'01-02-18','mauris. Integer sem elit, pharetra ut, pharetra sed, hendrerit a,','magna a neque. Nullam',75),(80,'netus et malesuada fames ac',1,'01-02-18','orci, consectetuer euismod est arcu ac orci. Ut semper pretium','elit pede, malesuada vel,',72);
INSERT INTO ProjectInfo (pid,name,num_spots,date_posted,description,skills_description,manager_id) VALUES (81,'orci sem eget massa. Suspendisse',2,'01-02-18','quam quis diam. Pellentesque habitant morbi tristique senectus et netus','nibh enim, gravida sit',86),(82,'erat volutpat. Nulla dignissim. Maecenas',2,'01-02-18','id, erat. Etiam vestibulum massa rutrum magna. Cras convallis convallis','lacus. Quisque imperdiet, erat',14),(83,'malesuada vel, venenatis vel, faucibus',4,'01-02-18','eu metus. In lorem. Donec elementum, lorem ut aliquam iaculis,','feugiat placerat velit. Quisque',37),(84,'penatibus et magnis dis parturient',4,'01-02-18','ridiculus mus. Proin vel nisl. Quisque fringilla euismod enim. Etiam','a, aliquet vel, vulputate',49),(85,'sem ut cursus luctus, ipsum',5,'01-02-18','commodo hendrerit. Donec porttitor tellus non magna. Nam ligula elit,','dictum placerat, augue. Sed',99),(86,'dolor. Nulla semper tellus id',1,'01-02-18','ac sem ut dolor dapibus gravida. Aliquam tincidunt, nunc ac','semper, dui lectus rutrum',22),(87,'Vivamus rhoncus. Donec est. Nunc',2,'01-02-18','aliquam eu, accumsan sed, facilisis vitae, orci. Phasellus dapibus quam','pede, ultrices a, auctor',79),(88,'sapien, gravida non, sollicitudin a,',5,'01-02-18','molestie in, tempus eu, ligula. Aenean euismod mauris eu elit.','Curabitur egestas nunc sed',8),(89,'Sed congue, elit sed consequat',2,'01-02-18','et, magna. Praesent interdum ligula eu enim. Etiam imperdiet dictum','blandit viverra. Donec tempus,',89),(90,'accumsan laoreet ipsum. Curabitur consequat,',5,'01-02-18','ac risus. Morbi metus. Vivamus euismod urna. Nullam lobortis quam','nec, malesuada ut, sem.',26);
INSERT INTO ProjectInfo (pid,name,num_spots,date_posted,description,skills_description,manager_id) VALUES (91,'ac sem ut dolor dapibus',3,'01-02-18','orci luctus et ultrices posuere cubilia Curae; Phasellus ornare. Fusce','Sed malesuada augue ut',93),(92,'pretium neque. Morbi quis urna.',2,'01-02-18','ante dictum cursus. Nunc mauris elit, dictum eu, eleifend nec,','Mauris magna. Duis dignissim',72),(93,'taciti sociosqu ad litora torquent',3,'01-02-18','tristique senectus et netus et malesuada fames ac turpis egestas.','egestas, urna justo faucibus',20),(94,'lorem, sit amet ultricies sem',5,'01-02-18','commodo tincidunt nibh. Phasellus nulla. Integer vulputate, risus a ultricies','nibh dolor, nonummy ac,',61),(95,'mauris eu elit. Nulla facilisi.',5,'01-02-18','dui. Fusce aliquam, enim nec tempus scelerisque, lorem ipsum sodales','fermentum vel, mauris. Integer',50),(96,'Suspendisse eleifend. Cras sed leo.',3,'01-02-18','risus odio, auctor vitae, aliquet nec, imperdiet nec, leo. Morbi','urna, nec luctus felis',16),(97,'sagittis felis. Donec tempor, est',2,'01-02-18','Quisque varius. Nam porttitor scelerisque neque. Nullam nisl. Maecenas malesuada','non, lacinia at, iaculis',8),(98,'ridiculus mus. Donec dignissim magna',1,'01-02-18','rhoncus. Nullam velit dui, semper et, lacinia vitae, sodales at,','aliquet odio. Etiam ligula',10),(99,'varius et, euismod et, commodo',1,'01-02-18','et malesuada fames ac turpis egestas. Fusce aliquet magna a','magna. Praesent interdum ligula',85),(100,'Praesent eu nulla at sem',5,'01-02-18','aliquam eu, accumsan sed, facilisis vitae, orci. Phasellus dapibus quam','ornare, elit elit fermentum',61);



INSERT INTO ProjectSubject (pid,subject) VALUES (1, 'Biology'),(2, 'Computer Science'), (1, 'Chemistry'), (42, 'Chemistry');
