-- Randomly generated dummy data
-- This Persons table will be users that upload projects, as well as student users that can apply to them
-- Need to add username/password for authentication in future
insert into Person (id, name, email, phone) values (1, 'Starr Egar', 'segar0@salon.com', '751-818-2357');
insert into Person (id, name, email, phone) values (2, 'Thorsten Angell', 'tangell1@timesonline.co.uk', '672-120-8025');
insert into Person (id, name, email, phone) values (3, 'Yvette Fairham', 'yfairham2@businessweek.com', '217-757-7138');
insert into Person (id, name, email, phone) values (4, 'Corinna Kirley', 'ckirley3@mlb.com', '963-980-9330');
insert into Person (id, name, email, phone) values (5, 'Jaime Domanski', 'jdomanski4@fc2.com', '946-312-3929');
insert into Person (id, name, email, phone) values (6, 'Keriann Kerwood', 'kkerwood5@chronoengine.com', '757-903-3915');
insert into Person (id, name, email, phone) values (7, 'Jason Tibbles', 'jtibbles6@webnode.com', '480-348-4115');
insert into Person (id, name, email, phone) values (8, 'Josy Redshaw', 'jredshaw7@bbb.org', '510-785-6459');
insert into Person (id, name, email, phone) values (9, 'Hilda Ramsby', 'hramsby8@nsw.gov.au', '438-204-1096');
insert into Person (id, name, email, phone) values (10, 'Betta Ambroise', 'bambroise9@jiathis.com', '235-778-1122');
insert into Person (id, name, email, phone) values (11, 'Lotti Ouslem', 'louslema@examiner.com', '215-821-5944');
insert into Person (id, name, email, phone) values (12, 'Grace Shellum', 'gshellumb@nbcnews.com', '370-534-7951');
insert into Person (id, name, email, phone) values (13, 'Maria Rasell', 'mrasellc@archive.org', '880-210-9609');
insert into Person (id, name, email, phone) values (14, 'Royall Trenoweth', 'rtrenowethd@csmonitor.com', null);
insert into Person (id, name, email, phone) values (15, 'Sheilah Normavill', 'snormaville@instagram.com', '968-567-4281');
insert into Person (id, name, email, phone) values (16, 'Alexei Rosbrough', 'arosbroughf@elegantthemes.com', '721-412-7231');
insert into Person (id, name, email, phone) values (17, 'Kevan Epgrave', 'kepgraveg@opera.com', '243-946-5112');
insert into Person (id, name, email, phone) values (18, 'Davina Gerrelt', 'dgerrelth@plala.or.jp', '782-175-4418');
insert into Person (id, name, email, phone) values (19, 'Gwennie Drepp', 'gdreppi@ocn.ne.jp', '267-143-5611');
insert into Person (id, name, email, phone) values (20, 'Bogart Raoul', 'braoulj@wikipedia.org', '813-461-2655');
insert into Person (id, name, email, phone) values (21, 'Ev Klement', 'eklementk@clickbank.net', '407-161-2945');
insert into Person (id, name, email, phone) values (22, 'Nikaniki Carrane', 'ncarranel@sbwire.com', '777-145-4185');
insert into Person (id, name, email, phone) values (23, 'Pierette Jeacop', 'pjeacopm@prlog.org', null);
insert into Person (id, name, email, phone) values (24, 'Corinne Bockman', 'cbockmann@people.com.cn', '239-646-1777');
insert into Person (id, name, email, phone) values (25, 'Delainey Hakking', 'dhakkingo@pinterest.com', '601-702-8279');
insert into Person (id, name, email, phone) values (26, 'Ashlan Foddy', 'afoddyp@addtoany.com', '415-127-7029');
insert into Person (id, name, email, phone) values (27, 'Rickard Ivanikhin', 'rivanikhinq@jalbum.net', '721-360-7357');
insert into Person (id, name, email, phone) values (28, 'Scarlett Puttick', 'sputtickr@ucla.edu', '696-541-8180');
insert into Person (id, name, email, phone) values (29, 'Kare Dunlea', 'kdunleas@scribd.com', null);
insert into Person (id, name, email, phone) values (30, 'Nickie Capel', 'ncapelt@miibeian.gov.cn', '646-766-1369');
insert into Person (id, name, email, phone) values (31, 'Daveta Stoop', 'dstoopu@symantec.com', '934-840-1133');
insert into Person (id, name, email, phone) values (32, 'Sarajane Catherall', 'scatherallv@vistaprint.com', '413-965-7904');
insert into Person (id, name, email, phone) values (33, 'Iormina Servis', 'iservisw@skype.com', '937-526-0225');
insert into Person (id, name, email, phone) values (34, 'Anne-corinne Toop', 'atoopx@sourceforge.net', '610-213-8769');
insert into Person (id, name, email, phone) values (35, 'Corby Banasik', 'cbanasiky@last.fm', '886-897-1959');
insert into Person (id, name, email, phone) values (36, 'Christalle Gosforth', 'cgosforthz@tinypic.com', '147-867-8154');
insert into Person (id, name, email, phone) values (37, 'Alysia McGeaney', 'amcgeaney10@nationalgeographic.com', '838-690-5684');
insert into Person (id, name, email, phone) values (38, 'Robinet O''Calleran', 'rocalleran11@yelp.com', '275-802-8603');
insert into Person (id, name, email, phone) values (39, 'Forester Greenhill', 'fgreenhill12@hubpages.com', '960-735-6005');
insert into Person (id, name, email, phone) values (40, 'Eugenio Hinchshaw', 'ehinchshaw13@4shared.com', '692-952-8391');
insert into Person (id, name, email, phone) values (41, 'Cullie Hebbard', 'chebbard14@hhs.gov', '393-373-3757');
insert into Person (id, name, email, phone) values (42, 'Horton Breazeall', 'hbreazeall15@dailymail.co.uk', null);
insert into Person (id, name, email, phone) values (43, 'Hayyim Helwig', 'hhelwig16@howstuffworks.com', '699-339-9000');
insert into Person (id, name, email, phone) values (44, 'Feliks Shutle', 'fshutle17@jiathis.com', '188-114-4764');
insert into Person (id, name, email, phone) values (45, 'Ingar Wemyss', 'iwemyss18@businessinsider.com', '190-967-2429');
insert into Person (id, name, email, phone) values (46, 'Krista Kiledal', 'kkiledal19@1und1.de', null);
insert into Person (id, name, email, phone) values (47, 'Rebecca Le Claire', 'rle1a@paypal.com', '728-837-4771');
insert into Person (id, name, email, phone) values (48, 'Hyacinthie Twentyman', 'htwentyman1b@wikipedia.org', '815-242-0647');
insert into Person (id, name, email, phone) values (49, 'Gilbertina Baselli', 'gbaselli1c@mlb.com', '270-313-3796');
insert into Person (id, name, email, phone) values (50, 'Javier Boobier', 'jboobier1d@yelp.com', '898-839-7044');
insert into Person (id, name, email, phone) values (51, 'Norina Richford', 'nrichford1e@photobucket.com', '603-743-2075');
insert into Person (id, name, email, phone) values (52, 'Kaylil Stoop', 'kstoop1f@comsenz.com', null);
insert into Person (id, name, email, phone) values (53, 'Brandea Trebilcock', 'btrebilcock1g@ucoz.ru', '266-450-0202');
insert into Person (id, name, email, phone) values (54, 'Colline Joron', 'cjoron1h@360.cn', '346-680-8344');
insert into Person (id, name, email, phone) values (55, 'Robinet Longfield', 'rlongfield1i@scientificamerican.com', '396-304-7656');
insert into Person (id, name, email, phone) values (56, 'Lorain Marconi', 'lmarconi1j@cornell.edu', '755-970-5704');
insert into Person (id, name, email, phone) values (57, 'Nappie Burdus', 'nburdus1k@wikimedia.org', '917-168-1396');
insert into Person (id, name, email, phone) values (58, 'Jobina Magog', 'jmagog1l@parallels.com', '405-469-6729');
insert into Person (id, name, email, phone) values (59, 'Feodora Patek', 'fpatek1m@bizjournals.com', '632-861-4689');
insert into Person (id, name, email, phone) values (60, 'Estella Kenen', 'ekenen1n@about.com', '753-868-7716');
insert into Person (id, name, email, phone) values (61, 'Manolo Niezen', 'mniezen1o@bloglovin.com', '648-493-3212');
insert into Person (id, name, email, phone) values (62, 'Cordy Dubber', 'cdubber1p@bravesites.com', '555-481-7520');
insert into Person (id, name, email, phone) values (63, 'Chauncey Derycot', 'cderycot1q@house.gov', '453-426-7913');
insert into Person (id, name, email, phone) values (64, 'Lem Hauch', 'lhauch1r@51.la', '732-137-9586');
insert into Person (id, name, email, phone) values (65, 'Serene Beeken', 'sbeeken1s@behance.net', '394-680-5818');
insert into Person (id, name, email, phone) values (66, 'Lavinie Figgins', 'lfiggins1t@wordpress.org', '101-243-0559');
insert into Person (id, name, email, phone) values (67, 'Clayborne Bridgwood', 'cbridgwood1u@cam.ac.uk', '463-947-2469');
insert into Person (id, name, email, phone) values (68, 'Sheila Bucke', 'sbucke1v@abc.net.au', '309-571-6791');
insert into Person (id, name, email, phone) values (69, 'Sophi Bavister', 'sbavister1w@nyu.edu', '807-735-5965');
insert into Person (id, name, email, phone) values (70, 'Jermain Turfin', 'jturfin1x@nasa.gov', '780-371-0339');
insert into Person (id, name, email, phone) values (71, 'Coreen McKnish', 'cmcknish1y@printfriendly.com', '626-929-9532');
insert into Person (id, name, email, phone) values (72, 'Melessa Pinck', 'mpinck1z@msn.com', '315-143-1787');
insert into Person (id, name, email, phone) values (73, 'Sergei Loving', 'sloving20@xing.com', '924-520-9102');
insert into Person (id, name, email, phone) values (74, 'Rafaello Van Der Hoog', 'rvan21@amazon.co.uk', '601-522-6406');
insert into Person (id, name, email, phone) values (75, 'Danila Clarridge', 'dclarridge22@qq.com', '892-711-3161');
insert into Person (id, name, email, phone) values (76, 'Selby Leachman', 'sleachman23@ezinearticles.com', '900-335-1787');
insert into Person (id, name, email, phone) values (77, 'Noe Spadoni', 'nspadoni24@ow.ly', '173-293-9563');
insert into Person (id, name, email, phone) values (78, 'Jodi Frohock', 'jfrohock25@howstuffworks.com', '653-845-5315');
insert into Person (id, name, email, phone) values (79, 'Tonye Plampin', 'tplampin26@miibeian.gov.cn', '954-539-4494');
insert into Person (id, name, email, phone) values (80, 'Claudette Lindsay', 'clindsay27@w3.org', null);
insert into Person (id, name, email, phone) values (81, 'Genvieve Kirkhouse', 'gkirkhouse28@histats.com', '388-336-9471');
insert into Person (id, name, email, phone) values (82, 'Alex Pregal', 'apregal29@sitemeter.com', '494-435-8654');
insert into Person (id, name, email, phone) values (83, 'Caryl Comer', 'ccomer2a@amazonaws.com', '382-140-9756');
insert into Person (id, name, email, phone) values (84, 'Meaghan Claxton', 'mclaxton2b@diigo.com', '986-235-5759');
insert into Person (id, name, email, phone) values (85, 'Aimil Brumby', 'abrumby2c@aol.com', null);
insert into Person (id, name, email, phone) values (86, 'Austina Harler', 'aharler2d@surveymonkey.com', null);
insert into Person (id, name, email, phone) values (87, 'Bendix Henrych', 'bhenrych2e@sina.com.cn', '479-787-2090');
insert into Person (id, name, email, phone) values (88, 'Martita Cropper', 'mcropper2f@oaic.gov.au', '287-720-5426');
insert into Person (id, name, email, phone) values (89, 'Zechariah Syder', 'zsyder2g@w3.org', '494-998-1566');
insert into Person (id, name, email, phone) values (90, 'Wilone Lindstedt', 'wlindstedt2h@springer.com', '114-638-4291');
insert into Person (id, name, email, phone) values (91, 'Jessee Mariolle', 'jmariolle2i@fastcompany.com', '829-638-1668');
insert into Person (id, name, email, phone) values (92, 'Micaela Lawday', 'mlawday2j@mapquest.com', '504-654-3123');
insert into Person (id, name, email, phone) values (93, 'Ruthanne Millam', 'rmillam2k@nydailynews.com', '787-575-8114');
insert into Person (id, name, email, phone) values (94, 'Loraine Standeven', 'lstandeven2l@ucoz.com', '716-583-7850');
insert into Person (id, name, email, phone) values (95, 'Vaughan Kingdom', 'vkingdom2m@webeden.co.uk', '510-643-5044');
insert into Person (id, name, email, phone) values (96, 'Terese Dacey', 'tdacey2n@gnu.org', '252-953-7847');
insert into Person (id, name, email, phone) values (97, 'Alanson Rigler', 'arigler2o@narod.ru', null);
insert into Person (id, name, email, phone) values (98, 'Ashly Boniface', 'aboniface2p@yelp.com', '847-903-8144');
insert into Person (id, name, email, phone) values (99, 'Pryce Geldeford', 'pgeldeford2q@etsy.com', '176-413-5943');
insert into Person (id, name, email, phone) values (100, 'Emelina Skarman', 'eskarman2r@g.co', null);
insert into Person (id, name, email, phone) values (101, 'Lenora Avramchik', 'lavramchik2s@omniture.com', '853-181-7399');
insert into Person (id, name, email, phone) values (102, 'Jada Damper', 'jdamper2t@themeforest.net', '588-279-1444');
insert into Person (id, name, email, phone) values (103, 'Valentijn Olifard', 'volifard2u@reuters.com', '346-504-3978');
insert into Person (id, name, email, phone) values (104, 'Anny Radin', 'aradin2v@chronoengine.com', '496-323-0753');
insert into Person (id, name, email, phone) values (105, 'Eleonora Jerman', 'ejerman2w@abc.net.au', null);
insert into Person (id, name, email, phone) values (106, 'Sisile Suffield', 'ssuffield2x@wisc.edu', '464-837-5761');
insert into Person (id, name, email, phone) values (107, 'Quinn Juszczyk', 'qjuszczyk2y@mayoclinic.com', '559-583-2506');
insert into Person (id, name, email, phone) values (113, 'Izaak Shields', 'ishields2z@tripadvisor.com', '792-550-8235');
insert into Person (id, name, email, phone) values (109, 'Danit Del Dello', 'ddel30@house.gov', '615-780-1417');
insert into Person (id, name, email, phone) values (110, 'Nicol Meneghelli', 'nmeneghelli31@nasa.gov', '806-564-9378');
insert into Person (id, name, email, phone) values (111, 'Libbey Defries', 'ldefries32@altervista.org', '282-617-7176');
insert into Person (id, name, email, phone) values (112, 'Jarrett Dummer', 'jdummer33@altervista.org', '650-597-2742');
insert into Person (id, name, email, phone) values (113, 'Wilfred Whitley', 'wwhitley34@vinaora.com', '148-192-4128');
insert into Person (id, name, email, phone) values (114, 'Hector Preon', 'hpreon35@samsung.com', '949-794-7696');
insert into Person (id, name, email, phone) values (115, 'Marco Kennagh', 'mkennagh36@bloglines.com', '351-163-0036');
insert into Person (id, name, email, phone) values (116, 'Helsa Warlowe', 'hwarlowe37@chicagotribune.com', '834-930-8439');
insert into Person (id, name, email, phone) values (117, 'Earlie Brighouse', 'ebrighouse38@engadget.com', '949-588-4953');
insert into Person (id, name, email, phone) values (118, 'Zorah Kleinzweig', 'zkleinzweig39@nba.com', '873-421-5213');
insert into Person (id, name, email, phone) values (119, 'Janeen Needs', 'jneeds3a@spotify.com', '238-909-9943');
insert into Person (id, name, email, phone) values (120, 'Darrin Syer', 'dsyer3b@clickbank.net', '242-500-4076');
insert into Person (id, name, email, phone) values (121, 'Farrah Clousley', 'fclousley3c@tumblr.com', '105-131-9756');
insert into Person (id, name, email, phone) values (122, 'Aila Robak', 'arobak3d@topsy.com', '170-969-9822');
insert into Person (id, name, email, phone) values (123, 'Randell Start', 'rstart3e@i2i.jp', '326-579-9772');
insert into Person (id, name, email, phone) values (124, 'Audrey Davidai', 'adavidai3f@netscape.com', '167-813-0309');
insert into Person (id, name, email, phone) values (125, 'Andris Liffey', 'aliffey3g@naver.com', '755-999-8499');
insert into Person (id, name, email, phone) values (126, 'Currie Stabler', 'cstabler3h@cloudflare.com', '748-933-3007');
insert into Person (id, name, email, phone) values (127, 'Rafaello Hancke', 'rhancke3i@ycombinator.com', '307-537-0736');
insert into Person (id, name, email, phone) values (128, 'Free Cruess', 'fcruess3j@merriam-webster.com', null);
insert into Person (id, name, email, phone) values (129, 'Francene Duligall', 'fduligall3k@cisco.com', '995-367-4862');
insert into Person (id, name, email, phone) values (130, 'Isidore Ivanyushin', 'iivanyushin3l@g.co', '477-776-5998');
insert into Person (id, name, email, phone) values (131, 'Shepherd Musselwhite', 'smusselwhite3m@comcast.net', null);
insert into Person (id, name, email, phone) values (132, 'Desirae O''Dare', 'dodare3n@cyberchimps.com', '937-450-4891');
insert into Person (id, name, email, phone) values (133, 'Garth Peacey', 'gpeacey3o@artisteer.com', '977-280-2271');
insert into Person (id, name, email, phone) values (134, 'Kimble MacTrusty', 'kmactrusty3p@yellowpages.com', '767-728-6705');
insert into Person (id, name, email, phone) values (135, 'Dud Seleway', 'dseleway3q@paginegialle.it', null);
insert into Person (id, name, email, phone) values (136, 'Ewen Antat', 'eantat3r@prnewswire.com', '115-477-9425');
insert into Person (id, name, email, phone) values (137, 'Nanni Lafontaine', 'nlafontaine3s@gov.uk', '751-895-2386');
insert into Person (id, name, email, phone) values (138, 'Averell MacGuffog', 'amacguffog3t@photobucket.com', null);
insert into Person (id, name, email, phone) values (139, 'Rhonda Alp', 'ralp3u@accuweather.com', '694-557-8565');
insert into Person (id, name, email, phone) values (140, 'Remy Kiehl', 'rkiehl3v@wiley.com', '200-353-7354');
insert into Person (id, name, email, phone) values (141, 'Cammy Oyley', 'coyley3w@de.vu', '142-395-3576');
insert into Person (id, name, email, phone) values (142, 'Kacy Posselwhite', 'kposselwhite3x@goo.gl', null);
insert into Person (id, name, email, phone) values (143, 'Clemens Langtry', 'clangtry3y@360.cn', null);
insert into Person (id, name, email, phone) values (144, 'Salomone Pheasant', 'spheasant3z@imdb.com', '607-897-8661');
insert into Person (id, name, email, phone) values (145, 'Tessy Greenall', 'tgreenall40@istockphoto.com', '711-971-1389');
insert into Person (id, name, email, phone) values (146, 'Jessalyn Bythell', 'jbythell41@booking.com', '915-726-6563');
insert into Person (id, name, email, phone) values (147, 'Clarine Hanna', 'channa42@yandex.ru', '557-622-5729');
insert into Person (id, name, email, phone) values (148, 'Chere Caffrey', 'ccaffrey43@trellian.com', '409-843-1164');
insert into Person (id, name, email, phone) values (149, 'Gordon Manuelli', 'gmanuelli44@bigcartel.com', '684-273-8107');
insert into Person (id, name, email, phone) values (150, 'Rosalia Jude', 'rjude45@google.co.uk', '942-937-1612');
insert into Person (id, name, email, phone) values (151, 'Jud Dunton', 'jdunton46@gov.uk', '913-809-9314');
insert into Person (id, name, email, phone) values (152, 'Lewie Twigge', 'ltwigge47@mapy.cz', '311-243-3650');
insert into Person (id, name, email, phone) values (153, 'Lynda Vurley', 'lvurley48@deviantart.com', '893-327-1439');
insert into Person (id, name, email, phone) values (154, 'Duke Grigs', 'dgrigs49@rakuten.co.jp', '712-745-6742');
insert into Person (id, name, email, phone) values (155, 'Faun Avery', 'favery4a@netlog.com', '362-257-4948');
insert into Person (id, name, email, phone) values (156, 'Kaye Cordrey', 'kcordrey4b@g.co', '994-376-5877');
insert into Person (id, name, email, phone) values (157, 'Shelba Fidilis', 'sfidilis4c@yellowbook.com', '243-997-4078');
insert into Person (id, name, email, phone) values (158, 'Miguel Gockelen', 'mgockelen4d@tripadvisor.com', '290-986-6527');
insert into Person (id, name, email, phone) values (159, 'Sal Lethbury', 'slethbury4e@seesaa.net', '481-100-4362');
insert into Person (id, name, email, phone) values (160, 'Mikael Brandsen', 'mbrandsen4f@amazon.co.jp', '798-977-1501');
insert into Person (id, name, email, phone) values (161, 'Dallas Inman', 'dinman4g@disqus.com', '719-367-5774');
insert into Person (id, name, email, phone) values (162, 'Cassandra Pook', 'cpook4h@hugedomains.com', '803-476-9399');
insert into Person (id, name, email, phone) values (163, 'Sharia Dunklee', 'sdunklee4i@arizona.edu', '543-614-8115');
insert into Person (id, name, email, phone) values (164, 'Melisenda Santore', 'msantore4j@webeden.co.uk', null);
insert into Person (id, name, email, phone) values (165, 'Tyne Kairns', 'tkairns4k@indiegogo.com', '635-297-8547');
insert into Person (id, name, email, phone) values (166, 'Knox Possa', 'kpossa4l@wunderground.com', '377-251-5237');
insert into Person (id, name, email, phone) values (167, 'Gregg Bollini', 'gbollini4m@hao123.com', '284-546-3578');
insert into Person (id, name, email, phone) values (168, 'Staffard Saenz', 'ssaenz4n@tiny.cc', '872-799-9487');
insert into Person (id, name, email, phone) values (169, 'Tamas Giacopini', 'tgiacopini4o@icq.com', '914-783-5575');
insert into Person (id, name, email, phone) values (170, 'Ferdinanda Rollingson', 'frollingson4p@shareasale.com', '409-253-8320');
insert into Person (id, name, email, phone) values (171, 'Constancy Heaffey', 'cheaffey4q@newyorker.com', '250-558-7697');
insert into Person (id, name, email, phone) values (172, 'Brock Brackenbury', 'bbrackenbury4r@examiner.com', '373-659-2684');
insert into Person (id, name, email, phone) values (173, 'Bucky Burberry', 'bburberry4s@microsoft.com', '953-735-9696');
insert into Person (id, name, email, phone) values (174, 'Fina Fillon', 'ffillon4t@arizona.edu', '863-229-7785');
insert into Person (id, name, email, phone) values (175, 'Shermy Capeloff', 'scapeloff4u@eepurl.com', '350-895-2630');
insert into Person (id, name, email, phone) values (176, 'Emmanuel Riggoll', 'eriggoll4v@cocolog-nifty.com', null);
insert into Person (id, name, email, phone) values (177, 'Clark Yakunchikov', 'cyakunchikov4w@google.co.jp', '637-413-5649');
insert into Person (id, name, email, phone) values (178, 'Delilah Sproul', 'dsproul4x@comcast.net', '882-888-2561');
insert into Person (id, name, email, phone) values (179, 'Olympe Pavlasek', 'opavlasek4y@census.gov', '741-624-3006');
insert into Person (id, name, email, phone) values (180, 'Alberik De Mattei', 'ade4z@rambler.ru', '868-371-1337');
insert into Person (id, name, email, phone) values (181, 'Victoir Sommerlie', 'vsommerlie50@google.pl', '987-163-7715');
insert into Person (id, name, email, phone) values (182, 'Godfry Wane', 'gwane51@163.com', '956-156-5597');
insert into Person (id, name, email, phone) values (183, 'Blondelle Starford', 'bstarford52@nbcnews.com', '331-766-0073');
insert into Person (id, name, email, phone) values (184, 'Monte Arkwright', 'markwright53@geocities.jp', '381-102-7118');
insert into Person (id, name, email, phone) values (185, 'Ynez Menelaws', 'ymenelaws54@cdbaby.com', '769-541-0343');
insert into Person (id, name, email, phone) values (186, 'Zorah Thompsett', 'zthompsett55@amazon.co.jp', '649-572-3477');
insert into Person (id, name, email, phone) values (187, 'Cameron Ritchie', 'critchie56@unesco.org', '105-116-8450');
insert into Person (id, name, email, phone) values (188, 'Ossie Lafaye', 'olafaye57@yellowpages.com', '238-455-8198');
insert into Person (id, name, email, phone) values (189, 'Kip Parks', 'kparks58@lycos.com', '614-169-8069');
insert into Person (id, name, email, phone) values (190, 'Gunar Piet', 'gpiet59@goo.gl', '120-418-1789');
insert into Person (id, name, email, phone) values (191, 'Chaunce Waldren', 'cwaldren5a@dyndns.org', '729-629-1389');
insert into Person (id, name, email, phone) values (192, 'Glennis Mucillo', 'gmucillo5b@cafepress.com', '477-768-4630');
insert into Person (id, name, email, phone) values (193, 'Oralia Trayling', 'otrayling5c@nba.com', null);
insert into Person (id, name, email, phone) values (194, 'Terrijo Busst', 'tbusst5d@livejournal.com', '926-851-8710');
insert into Person (id, name, email, phone) values (195, 'Arlyne Horry', 'ahorry5e@archive.org', '568-690-4301');
insert into Person (id, name, email, phone) values (196, 'Joly Musto', 'jmusto5f@discovery.com', '367-996-4094');
insert into Person (id, name, email, phone) values (197, 'De Sandercock', 'dsandercock5g@ycombinator.com', '810-950-6136');
insert into Person (id, name, email, phone) values (198, 'Annalee Brandon', 'abrandon5h@shutterfly.com', '311-128-4623');
insert into Person (id, name, email, phone) values (199, 'Leanna Kohnemann', 'lkohnemann5i@naver.com', '400-337-7615');
insert into Person (id, name, email, phone) values (200, 'Warden Swadon', 'wswadon5j@webeden.co.uk', '769-685-6888');
insert into Person (id, name, email, phone) values (201, 'Blondelle Bigadike', 'bbigadike5k@cnn.com', '246-168-1094');
insert into Person (id, name, email, phone) values (202, 'Waldo Fargie', 'wfargie5l@squidoo.com', '237-852-9110');
insert into Person (id, name, email, phone) values (203, 'Demott Kidner', 'dkidner5m@wikispaces.com', null);
insert into Person (id, name, email, phone) values (204, 'Jamie Leach', 'jleach5n@nih.gov', '883-765-5400');
insert into Person (id, name, email, phone) values (205, 'Vernen Sayre', 'vsayre5o@miitbeian.gov.cn', '706-701-5209');
insert into Person (id, name, email, phone) values (206, 'Albina Vedenichev', 'avedenichev5p@constantcontact.com', '309-823-5990');
insert into Person (id, name, email, phone) values (207, 'Buiron Lodder', 'blodder5q@live.com', '380-854-9743');
insert into Person (id, name, email, phone) values (213, 'Barnard Oxnam', 'boxnam5r@furl.net', '385-449-7784');
insert into Person (id, name, email, phone) values (209, 'Lynea Cooling', 'lcooling5s@ted.com', '352-758-1809');
insert into Person (id, name, email, phone) values (210, 'Hulda Killcross', 'hkillcross5t@boston.com', '282-270-2882');
insert into Person (id, name, email, phone) values (211, 'Reinhold Zelner', 'rzelner5u@whitehouse.gov', '506-304-1313');
insert into Person (id, name, email, phone) values (212, 'Mollee Chesson', 'mchesson5v@edublogs.org', '366-263-0229');
insert into Person (id, name, email, phone) values (213, 'Duff Chart', 'dchart5w@t-online.de', '820-924-7456');
insert into Person (id, name, email, phone) values (214, 'Jonas Sporle', 'jsporle5x@squarespace.com', null);
insert into Person (id, name, email, phone) values (215, 'Perla Losel', 'plosel5y@sphinn.com', null);
insert into Person (id, name, email, phone) values (216, 'Cyrill Blaise', 'cblaise5z@xrea.com', '351-288-2110');
insert into Person (id, name, email, phone) values (217, 'Gennie Janusz', 'gjanusz60@dion.ne.jp', '961-669-7397');
insert into Person (id, name, email, phone) values (218, 'Obediah Manion', 'omanion61@ow.ly', '930-612-7045');
insert into Person (id, name, email, phone) values (219, 'Hali Lowcock', 'hlowcock62@rambler.ru', '465-834-4330');
insert into Person (id, name, email, phone) values (220, 'Holly-anne Brabin', 'hbrabin63@rediff.com', '251-524-3020');
insert into Person (id, name, email, phone) values (221, 'Eartha Whatmough', 'ewhatmough64@globo.com', '254-766-4613');
insert into Person (id, name, email, phone) values (222, 'Chelsea Jerrard', 'cjerrard65@quantcast.com', '749-917-3855');
insert into Person (id, name, email, phone) values (223, 'Shauna Schwanden', 'sschwanden66@ning.com', '667-239-9289');
insert into Person (id, name, email, phone) values (224, 'Dinnie Cavie', 'dcavie67@slashdot.org', '728-257-7470');
insert into Person (id, name, email, phone) values (225, 'Bennett Dugdale', 'bdugdale68@sun.com', '212-981-6523');
insert into Person (id, name, email, phone) values (226, 'Elyn Wyld', 'ewyld69@mail.ru', '241-352-0616');
insert into Person (id, name, email, phone) values (227, 'Mickey Bedow', 'mbedow6a@biglobe.ne.jp', '232-491-5597');
insert into Person (id, name, email, phone) values (228, 'Garvin Ellerbeck', 'gellerbeck6b@w3.org', null);
insert into Person (id, name, email, phone) values (229, 'Erasmus Lowre', 'elowre6c@japanpost.jp', '624-931-6111');
insert into Person (id, name, email, phone) values (230, 'Sterne Gooderridge', 'sgooderridge6d@prlog.org', '521-159-4040');
insert into Person (id, name, email, phone) values (231, 'Sauveur Gradley', 'sgradley6e@ft.com', '237-204-0314');
insert into Person (id, name, email, phone) values (232, 'Dulcia Blaw', 'dblaw6f@gravatar.com', '617-662-4528');
insert into Person (id, name, email, phone) values (233, 'Elisa Pargent', 'epargent6g@indiegogo.com', '783-162-8463');
insert into Person (id, name, email, phone) values (234, 'Hunter Silverstone', 'hsilverstone6h@live.com', '913-980-4933');
insert into Person (id, name, email, phone) values (235, 'Maureene Rispin', 'mrispin6i@ehow.com', '476-946-6124');
insert into Person (id, name, email, phone) values (236, 'Karrie Purcer', 'kpurcer6j@abc.net.au', '933-141-5137');
insert into Person (id, name, email, phone) values (237, 'Edi Duffer', 'eduffer6k@utexas.edu', '993-124-3726');
insert into Person (id, name, email, phone) values (238, 'Alisander Spieght', 'aspieght6l@columbia.edu', '235-579-4038');
insert into Person (id, name, email, phone) values (239, 'Guendolen Sciusscietto', 'gsciusscietto6m@wordpress.com', '933-998-8489');
insert into Person (id, name, email, phone) values (240, 'Elliott Voyce', 'evoyce6n@storify.com', '544-604-6976');
insert into Person (id, name, email, phone) values (241, 'Mel Pahl', 'mpahl6o@ted.com', '728-245-0207');
insert into Person (id, name, email, phone) values (242, 'Kin Casol', 'kcasol6p@wikimedia.org', '186-282-6374');
insert into Person (id, name, email, phone) values (243, 'Panchito Cromleholme', 'pcromleholme6q@seesaa.net', '744-183-4330');
insert into Person (id, name, email, phone) values (244, 'Janeta Pieche', 'jpieche6r@icio.us', '502-346-6267');
insert into Person (id, name, email, phone) values (245, 'Doreen Dannohl', 'ddannohl6s@kickstarter.com', '310-196-5940');
insert into Person (id, name, email, phone) values (246, 'Nady Hyne', 'nhyne6t@jiathis.com', '358-298-5320');
insert into Person (id, name, email, phone) values (247, 'Devy Fotheringham', 'dfotheringham6u@ycombinator.com', '887-470-8651');
insert into Person (id, name, email, phone) values (248, 'Lek Melledy', 'lmelledy6v@yahoo.co.jp', '859-998-5119');
insert into Person (id, name, email, phone) values (249, 'Mersey Seeborne', 'mseeborne6w@blogs.com', '948-338-4607');
insert into Person (id, name, email, phone) values (250, 'Quinn Iacomini', 'qiacomini6x@intel.com', '157-105-5051');
insert into Person (id, name, email, phone) values (251, 'Gloriana Santen', 'gsanten6y@businessweek.com', '548-693-1361');
insert into Person (id, name, email, phone) values (252, 'Jessi Filippone', 'jfilippone6z@amazon.co.jp', '513-758-2336');
insert into Person (id, name, email, phone) values (253, 'Andros Lutz', 'alutz70@sciencedaily.com', '678-609-7444');
insert into Person (id, name, email, phone) values (254, 'Marja Dod', 'mdod71@hostgator.com', '502-509-7228');
insert into Person (id, name, email, phone) values (255, 'Imogen Forth', 'iforth72@sphinn.com', '915-810-0575');
insert into Person (id, name, email, phone) values (256, 'Peadar Challicombe', 'pchallicombe73@yandex.ru', '462-959-8665');
insert into Person (id, name, email, phone) values (257, 'Tanitansy Rickards', 'trickards74@examiner.com', '991-937-9075');
insert into Person (id, name, email, phone) values (258, 'Dmitri O''Roan', 'doroan75@amazon.co.jp', '951-182-9652');
insert into Person (id, name, email, phone) values (259, 'Kassie Foulkes', 'kfoulkes76@drupal.org', '576-551-6056');
insert into Person (id, name, email, phone) values (260, 'Poul Benedek', 'pbenedek77@globo.com', '331-726-2794');
insert into Person (id, name, email, phone) values (261, 'Merwyn Paskins', 'mpaskins78@adobe.com', '621-225-2635');
insert into Person (id, name, email, phone) values (262, 'Vonnie Troker', 'vtroker79@icq.com', '886-986-1056');
insert into Person (id, name, email, phone) values (263, 'Brittney Haukey', 'bhaukey7a@domainmarket.com', '488-409-3476');
insert into Person (id, name, email, phone) values (264, 'Parsifal Odlin', 'podlin7b@nih.gov', '797-616-9940');
insert into Person (id, name, email, phone) values (265, 'Odell Guarnier', 'oguarnier7c@bing.com', '321-870-5913');
insert into Person (id, name, email, phone) values (266, 'Anett Skellen', 'askellen7d@twitpic.com', '635-373-1568');
insert into Person (id, name, email, phone) values (267, 'Glenn Winman', 'gwinman7e@walmart.com', '409-630-4300');
insert into Person (id, name, email, phone) values (268, 'Marielle Rottgers', 'mrottgers7f@simplemachines.org', '961-723-0334');
insert into Person (id, name, email, phone) values (269, 'Daryl Langham', 'dlangham7g@elegantthemes.com', '379-323-4034');
insert into Person (id, name, email, phone) values (270, 'Kial Dunlop', 'kdunlop7h@ox.ac.uk', '323-259-1315');
insert into Person (id, name, email, phone) values (271, 'Bobbee Robshaw', 'brobshaw7i@ifeng.com', '534-588-4881');
insert into Person (id, name, email, phone) values (272, 'Inigo Cockshott', 'icockshott7j@google.com', '480-200-3955');
insert into Person (id, name, email, phone) values (273, 'Zandra Foucard', 'zfoucard7k@e-recht24.de', '500-492-9365');
insert into Person (id, name, email, phone) values (274, 'Nora Itzcovich', 'nitzcovich7l@unc.edu', '452-384-4843');
insert into Person (id, name, email, phone) values (275, 'Kristi Northedge', 'knorthedge7m@nhs.uk', '467-624-9477');
insert into Person (id, name, email, phone) values (276, 'Corrianne Simonassi', 'csimonassi7n@ning.com', '845-539-3754');
insert into Person (id, name, email, phone) values (277, 'Rosette McMahon', 'rmcmahon7o@google.com.hk', '900-174-6216');
insert into Person (id, name, email, phone) values (278, 'Ali Shortall', 'ashortall7p@oracle.com', null);
insert into Person (id, name, email, phone) values (279, 'Elli O''Howbane', 'eohowbane7q@nba.com', '994-220-1452');
insert into Person (id, name, email, phone) values (280, 'Carmelle Shoutt', 'cshoutt7r@jigsy.com', null);
insert into Person (id, name, email, phone) values (281, 'Dori Cunrado', 'dcunrado7s@independent.co.uk', '746-773-7853');
insert into Person (id, name, email, phone) values (282, 'Cirstoforo Niesegen', 'cniesegen7t@studiopress.com', '666-236-3957');
insert into Person (id, name, email, phone) values (283, 'Aretha Mulvaney', 'amulvaney7u@state.gov', '979-246-6689');
insert into Person (id, name, email, phone) values (284, 'Francene Davidowsky', 'fdavidowsky7v@networksolutions.com', '135-271-5402');
insert into Person (id, name, email, phone) values (285, 'Faydra Joinson', 'fjoinson7w@flickr.com', '157-643-8703');
insert into Person (id, name, email, phone) values (286, 'Johnnie Pollington', 'jpollington7x@ox.ac.uk', null);
insert into Person (id, name, email, phone) values (287, 'Debee Tippett', 'dtippett7y@abc.net.au', null);
insert into Person (id, name, email, phone) values (288, 'Dorine Kiffe', 'dkiffe7z@yellowbook.com', '179-313-8820');
insert into Person (id, name, email, phone) values (289, 'Natividad Oxborough', 'noxborough80@harvard.edu', '891-595-5881');
insert into Person (id, name, email, phone) values (290, 'Merl Reddan', 'mreddan81@nih.gov', '865-484-5758');
insert into Person (id, name, email, phone) values (291, 'Deedee Ledur', 'dledur82@wikipedia.org', '864-897-9274');
insert into Person (id, name, email, phone) values (292, 'Edie Stonner', 'estonner83@studiopress.com', null);
insert into Person (id, name, email, phone) values (293, 'Zacharias Hackinge', 'zhackinge84@narod.ru', '134-518-3575');
insert into Person (id, name, email, phone) values (294, 'Gabi Schubart', 'gschubart85@wordpress.com', '460-906-2000');
insert into Person (id, name, email, phone) values (295, 'Jeniffer Prinett', 'jprinett86@dropbox.com', null);
insert into Person (id, name, email, phone) values (296, 'Giustina Atkins', 'gatkins87@slideshare.net', null);
insert into Person (id, name, email, phone) values (297, 'Madel Cadding', 'mcadding88@prlog.org', '856-209-2633');
insert into Person (id, name, email, phone) values (298, 'Rhys Cathie', 'rcathie89@ehow.com', '119-933-9138');
insert into Person (id, name, email, phone) values (299, 'Davidson Archanbault', 'darchanbault8a@studiopress.com', '979-411-2834');
insert into Person (id, name, email, phone) values (300, 'Jessie Mawtus', 'jmawtus8b@edublogs.org', '952-998-7826');


-- Departments (tentative list)
insert into Departments (department) values ('African and African American Studies');
insert into Departments (department) values ('Art History');
insert into Departments (department) values ('Asian and Middle Eastern Studies');
insert into Departments (department) values ('Biology');
insert into Departments (department) values ('Biomedical Engineering');
insert into Departments (department) values ('Biophysics');
insert into Departments (department) values ('Brazilian and Global Portuguese Studies');
insert into Departments (department) values ('Civil Engineering');
insert into Departments (department) values ('Classical Civilization');
insert into Departments (department) values ('Classical Languages');
insert into Departments (department) values ('Computer Science');
insert into Departments (department) values ('Cultural Anthropology');
insert into Departments (department) values ('Dance');
insert into Departments (department) values ('Earth and Ocean Sciences');
insert into Departments (department) values ('Economics');
insert into Departments (department) values ('Electrical and Computer Engineering');
insert into Departments (department) values ('English');
insert into Departments (department) values ('Environmental Engineering');
insert into Departments (department) values ('Environmental Sciences');
insert into Departments (department) values ('Environmental Sciences and Policy');
insert into Departments (department) values ('Evolutionary Anthropology');
insert into Departments (department) values ('French Studies');
insert into Departments (department) values ('Gender, Sexuality, and Feminist Studies');
insert into Departments (department) values ('German');
insert into Departments (department) values ('Global Cultural Studies');
insert into Departments (department) values ('Global Health');
insert into Departments (department) values ('History');
insert into Departments (department) values ('International Comparative Studies');
insert into Departments (department) values ('Italian Studies');
insert into Departments (department) values ('Linguistics');
insert into Departments (department) values ('Mathematics');
insert into Departments (department) values ('Mechanical Engineering');
insert into Departments (department) values ('Medieval and Renaissance Studies');
insert into Departments (department) values ('Music');
insert into Departments (department) values ('Neuroscience');
insert into Departments (department) values ('Philosophy');
insert into Departments (department) values ('Physics');
insert into Departments (department) values ('Political Science');
insert into Departments (department) values ('Psychology');
insert into Departments (department) values ('Public Policy Studies');
insert into Departments (department) values ('Religious Studies');
insert into Departments (department) values ('Romance Studies');
insert into Departments (department) values ('Russian');
insert into Departments (department) values ('Slavic and Eurasian Studies');
insert into Departments (department) values ('Sociology');
insert into Departments (department) values ('Spanish, Latin American, and Latino/a Studies');
insert into Departments (department) values ('Statistical Science');
insert into Departments (department) values ('Theater Studies');
insert into Departments (department) values ('Visual Arts');
insert into Departments (department) values ('Visual and Media Studies');

-- dummy project leads
insert into LeadInfo (id, website) values (1, 'https://pagesperso-orange.fr');
insert into LeadInfo (id, website) values (2, 'http://fc2.com');
insert into LeadInfo (id, website) values (3, null);
insert into LeadInfo (id, website) values (4, null);
insert into LeadInfo (id, website) values (5, 'https://yellowpages.com');
insert into LeadInfo (id, website) values (6, 'http://ebay.com');
insert into LeadInfo (id, website) values (7, null);
insert into LeadInfo (id, website) values (8, 'http://blinklist.com');
insert into LeadInfo (id, website) values (9, 'http://spotify.com');
insert into LeadInfo (id, website) values (10, 'http://xrea.com');
insert into LeadInfo (id, website) values (11, null);
insert into LeadInfo (id, website) values (12, 'http://acquirethisname.com');
insert into LeadInfo (id, website) values (13, 'https://biglobe.ne.jp');
insert into LeadInfo (id, website) values (14, 'https://comcast.net');
insert into LeadInfo (id, website) values (15, 'https://state.gov');
insert into LeadInfo (id, website) values (16, null);
insert into LeadInfo (id, website) values (17, null);
insert into LeadInfo (id, website) values (18, 'https://so-net.ne.jp');
insert into LeadInfo (id, website) values (19, null);
insert into LeadInfo (id, website) values (20, 'https://ucsd.edu');
insert into LeadInfo (id, website) values (21, 'http://blogger.com');
insert into LeadInfo (id, website) values (22, 'https://zdnet.com');
insert into LeadInfo (id, website) values (23, 'https://cisco.com');
insert into LeadInfo (id, website) values (24, 'https://timesonline.co.uk');
insert into LeadInfo (id, website) values (25, null);
insert into LeadInfo (id, website) values (26, null);
insert into LeadInfo (id, website) values (27, 'https://geocities.com');
insert into LeadInfo (id, website) values (28, null);
insert into LeadInfo (id, website) values (29, 'https://newsvine.com');
insert into LeadInfo (id, website) values (30, 'http://furl.net');
insert into LeadInfo (id, website) values (31, 'http://symantec.com');
insert into LeadInfo (id, website) values (32, 'https://hhs.gov');
insert into LeadInfo (id, website) values (33, null);
insert into LeadInfo (id, website) values (34, 'https://1und1.de');
insert into LeadInfo (id, website) values (35, 'https://oakley.com');
insert into LeadInfo (id, website) values (36, null);
insert into LeadInfo (id, website) values (37, null);
insert into LeadInfo (id, website) values (38, 'http://baidu.com');
insert into LeadInfo (id, website) values (39, null);
insert into LeadInfo (id, website) values (40, 'http://yellowpages.com');
insert into LeadInfo (id, website) values (41, 'http://unicef.org');
insert into LeadInfo (id, website) values (42, 'http://telegraph.co.uk');
insert into LeadInfo (id, website) values (43, 'http://ebay.co.uk');
insert into LeadInfo (id, website) values (44, 'http://jalbum.net');
insert into LeadInfo (id, website) values (45, null);
insert into LeadInfo (id, website) values (46, 'http://chronoengine.com');
insert into LeadInfo (id, website) values (47, 'https://admin.ch');
insert into LeadInfo (id, website) values (48, null);
insert into LeadInfo (id, website) values (49, 'http://mashable.com');
insert into LeadInfo (id, website) values (50, 'https://slideshare.net');
insert into LeadInfo (id, website) values (51, 'http://php.net');
insert into LeadInfo (id, website) values (52, 'http://bbb.org');
insert into LeadInfo (id, website) values (53, 'https://e-recht24.de');
insert into LeadInfo (id, website) values (54, 'https://mozilla.org');
insert into LeadInfo (id, website) values (55, null);
insert into LeadInfo (id, website) values (56, null);
insert into LeadInfo (id, website) values (57, 'https://vkontakte.ru');
insert into LeadInfo (id, website) values (58, 'https://creativecommons.org');
insert into LeadInfo (id, website) values (59, 'http://last.fm');
insert into LeadInfo (id, website) values (60, null);
insert into LeadInfo (id, website) values (61, 'https://cisco.com');
insert into LeadInfo (id, website) values (62, 'https://friendfeed.com');
insert into LeadInfo (id, website) values (63, 'http://springer.com');
insert into LeadInfo (id, website) values (64, 'http://booking.com');
insert into LeadInfo (id, website) values (65, 'http://barnesandnoble.com');
insert into LeadInfo (id, website) values (66, null);
insert into LeadInfo (id, website) values (67, null);
insert into LeadInfo (id, website) values (68, 'http://wufoo.com');
insert into LeadInfo (id, website) values (69, 'http://archive.org');
insert into LeadInfo (id, website) values (70, 'https://fotki.com');
insert into LeadInfo (id, website) values (71, 'http://youku.com');
insert into LeadInfo (id, website) values (72, 'http://theglobeandmail.com');
insert into LeadInfo (id, website) values (73, null);
insert into LeadInfo (id, website) values (74, 'http://hatena.ne.jp');
insert into LeadInfo (id, website) values (75, null);
insert into LeadInfo (id, website) values (76, 'https://ed.gov');
insert into LeadInfo (id, website) values (77, null);
insert into LeadInfo (id, website) values (78, 'https://blinklist.com');
insert into LeadInfo (id, website) values (79, null);
insert into LeadInfo (id, website) values (80, 'https://tinyurl.com');
insert into LeadInfo (id, website) values (81, 'https://thetimes.co.uk');
insert into LeadInfo (id, website) values (82, 'https://ibm.com');
insert into LeadInfo (id, website) values (83, 'https://oracle.com');
insert into LeadInfo (id, website) values (84, 'https://hud.gov');
insert into LeadInfo (id, website) values (85, 'https://amazon.de');
insert into LeadInfo (id, website) values (86, null);
insert into LeadInfo (id, website) values (87, 'https://naver.com');
insert into LeadInfo (id, website) values (88, 'http://uol.com.br');
insert into LeadInfo (id, website) values (89, 'http://wikimedia.org');
insert into LeadInfo (id, website) values (90, null);
insert into LeadInfo (id, website) values (91, 'http://tripadvisor.com');
insert into LeadInfo (id, website) values (92, 'https://t-online.de');
insert into LeadInfo (id, website) values (93, null);
insert into LeadInfo (id, website) values (94, 'http://amazon.de');
insert into LeadInfo (id, website) values (95, null);
insert into LeadInfo (id, website) values (96, 'http://theguardian.com');
insert into LeadInfo (id, website) values (97, 'http://woothemes.com');
insert into LeadInfo (id, website) values (98, 'https://uiuc.edu');
insert into LeadInfo (id, website) values (99, null);
insert into LeadInfo (id, website) values (100, 'http://skyrock.com');


-- Corersponding departments for project leads (faculty members posting projects)
INSERT INTO LeadDept (id,department) VALUES (1,'French Studies'),(2,'German'),(3,'Cultural Anthropology'),(4,'Environmental Sciences'),(5,'Gender, Sexuality, and Feminist Studies'),(6,'Environmental Engineering'),(7,'French Studies'),(8,'Computer Science'),(9,'Economics'),(10,'Earth and Ocean Sciences');
INSERT INTO LeadDept (id,department) VALUES (11,'Electrical and Computer Engineering'),(12,'Economics'),(13,'English'),(14,'Earth and Ocean Sciences'),(15,'Computer Science'),(16,'Gender, Sexuality, and Feminist Studies'),(17,'Environmental Engineering'),(18,'Environmental Sciences'),(19,'English'),(20,'Environmental Sciences and Policy');
INSERT INTO LeadDept (id,department) VALUES (21,'Computer Science'),(22,'Dance'),(23,'Computer Science'),(24,'Dance'),(25,'Environmental Sciences and Policy'),(26,'German'),(27,'Gender, Sexuality, and Feminist Studies'),(28,'German'),(29,'Gender, Sexuality, and Feminist Studies'),(30,'French Studies');
INSERT INTO LeadDept (id,department) VALUES (31,'Gender, Sexuality, and Feminist Studies'),(32,'Environmental Sciences'),(33,'Environmental Engineering'),(34,'Cultural Anthropology'),(35,'Dance'),(36,'Environmental Sciences'),(37,'Gender, Sexuality, and Feminist Studies'),(38,'Economics'),(39,'German'),(40,'Environmental Engineering');
INSERT INTO LeadDept (id,department) VALUES (41,'Global Cultural Studies'),(42,'Dance'),(43,'Evolutionary Anthropology'),(44,'Dance'),(45,'Environmental Sciences'),(46,'Economics'),(47,'Environmental Engineering'),(48,'Cultural Anthropology'),(49,'German'),(50,'Cultural Anthropology');
INSERT INTO LeadDept (id,department) VALUES (51,'Earth and Ocean Sciences'),(52,'Gender, Sexuality, and Feminist Studies'),(53,'Environmental Engineering'),(54,'English'),(55,'Earth and Ocean Sciences'),(56,'Global Cultural Studies'),(57,'Gender, Sexuality, and Feminist Studies'),(58,'Computer Science'),(59,'English'),(60,'Earth and Ocean Sciences');
INSERT INTO LeadDept (id,department) VALUES (61,'Global Cultural Studies'),(62,'Economics'),(63,'English'),(64,'Computer Science'),(65,'Evolutionary Anthropology'),(66,'French Studies'),(67,'Economics'),(68,'French Studies'),(69,'Environmental Sciences'),(70,'German');
INSERT INTO LeadDept (id,department) VALUES (71,'Dance'),(72,'Evolutionary Anthropology'),(73,'English'),(74,'Gender, Sexuality, and Feminist Studies'),(75,'Environmental Sciences'),(76,'French Studies'),(77,'Gender, Sexuality, and Feminist Studies'),(78,'Environmental Sciences and Policy'),(79,'Global Cultural Studies'),(80,'French Studies');
INSERT INTO LeadDept (id,department) VALUES (81,'Electrical and Computer Engineering'),(82,'Evolutionary Anthropology'),(83,'English'),(84,'Environmental Sciences'),(85,'Evolutionary Anthropology'),(86,'German'),(87,'Economics'),(88,'Earth and Ocean Sciences'),(89,'Computer Science'),(90,'Dance');
INSERT INTO LeadDept (id,department) VALUES (91,'Global Cultural Studies'),(92,'Environmental Engineering'),(93,'German'),(94,'Evolutionary Anthropology'),(95,'Economics'),(96,'Global Cultural Studies'),(97,'Cultural Anthropology'),(98,'French Studies'),(99,'Evolutionary Anthropology'),(100,'Evolutionary Anthropology');

-- Dummy students
INSERT INTO StudentInfo (id,research_interests,resume,school,year) VALUES (101,'vitae nibh. Donec','urna.','Pratt School of Engineering','2019'),(102,'adipiscing elit. Aliquam','at','Pratt School of Engineering','2022'),(103,'eget magna. Suspendisse','in','Trinity College','2021'),(104,'lacus pede sagittis','Curabitur','Pratt School of Engineering','2021'),(105,'egestas. Duis ac','vitae','Trinity College','2019'),(106,'urna convallis erat,','sapien,','Pratt School of Engineering','2022'),(107,'lobortis. Class aptent','arcu.','Trinity College','2019'),(113,'consequat purus. Maecenas','lorem,','Trinity College','2021'),(109,'dapibus id, blandit','arcu.','Pratt School of Engineering','2021'),(110,'nisl elementum purus,','pede','Trinity College','2020');
INSERT INTO StudentInfo (id,research_interests,resume,school,year) VALUES (111,'ante blandit viverra.','vel,','Trinity College','2019'),(112,'mauris. Suspendisse aliquet','arcu.','Trinity College','2022'),(113,'adipiscing fringilla, porttitor','natoque','Pratt School of Engineering','2020'),(114,'ullamcorper. Duis cursus,','orci.','Trinity College','2022'),(115,'a neque. Nullam','Nunc','Pratt School of Engineering','2021'),(116,'dis parturient montes,','nec','Pratt School of Engineering','2021'),(117,'Fusce aliquet magna','Duis','Trinity College','2020'),(118,'Vivamus nibh dolor,','elit','Trinity College','2021'),(119,'Nunc mauris. Morbi','magna.','Trinity College','2020'),(120,'sagittis placerat. Cras','lectus','Trinity College','2019');
INSERT INTO StudentInfo (id,research_interests,resume,school,year) VALUES (121,'consectetuer adipiscing elit.','imperdiet','Trinity College','2021'),(122,'enim. Suspendisse aliquet,','Nunc','Trinity College','2019'),(123,'Pellentesque tincidunt tempus','blandit','Trinity College','2021'),(124,'orci, adipiscing non,','nisl','Pratt School of Engineering','2019'),(125,'massa. Mauris vestibulum,','morbi','Trinity College','2022'),(126,'massa. Quisque porttitor','dui','Pratt School of Engineering','2021'),(127,'est tempor bibendum.','Aliquam','Pratt School of Engineering','2021'),(128,'orci lacus vestibulum','augue','Pratt School of Engineering','2020'),(129,'Vestibulum ut eros','magna','Pratt School of Engineering','2022'),(130,'Praesent eu nulla','diam.','Trinity College','2019');
INSERT INTO StudentInfo (id,research_interests,resume,school,year) VALUES (131,'natoque penatibus et','diam','Pratt School of Engineering','2019'),(132,'morbi tristique senectus','tristique','Trinity College','2019'),(133,'ornare sagittis felis.','auctor','Pratt School of Engineering','2022'),(134,'erat neque non','penatibus','Trinity College','2020'),(135,'sociis natoque penatibus','dolor.','Trinity College','2020'),(136,'libero. Integer in','massa.','Trinity College','2022'),(137,'facilisis vitae, orci.','nisl','Trinity College','2021'),(138,'aliquam adipiscing lacus.','felis','Pratt School of Engineering','2021'),(139,'condimentum eget, volutpat','eu','Pratt School of Engineering','2019'),(140,'amet, dapibus id,','pede.','Trinity College','2020');
INSERT INTO StudentInfo (id,research_interests,resume,school,year) VALUES (141,'justo. Proin non','velit.','Pratt School of Engineering','2020'),(142,'sem eget massa.','mattis.','Pratt School of Engineering','2020'),(143,'et, eros. Proin','leo.','Trinity College','2021'),(144,'ridiculus mus. Donec','velit.','Trinity College','2021'),(145,'netus et malesuada','orci','Pratt School of Engineering','2022'),(146,'massa. Quisque porttitor','ante.','Pratt School of Engineering','2022'),(147,'Nullam vitae diam.','In','Pratt School of Engineering','2020'),(148,'luctus, ipsum leo','euismod','Pratt School of Engineering','2019'),(149,'ullamcorper, velit in','lobortis','Trinity College','2020'),(150,'morbi tristique senectus','fringilla.','Pratt School of Engineering','2021');
INSERT INTO StudentInfo (id,research_interests,resume,school,year) VALUES (151,'metus sit amet','enim.','Trinity College','2022'),(152,'Morbi neque tellus,','ad','Trinity College','2021'),(153,'libero. Donec consectetuer','leo.','Pratt School of Engineering','2021'),(154,'ac mattis velit','porttitor','Trinity College','2019'),(155,'Sed dictum. Proin','ante.','Trinity College','2020'),(156,'Sed eu nibh','blandit','Pratt School of Engineering','2022'),(157,'Phasellus vitae mauris','est.','Trinity College','2019'),(158,'lorem fringilla ornare','sed','Pratt School of Engineering','2022'),(159,'risus. Donec egestas.','velit.','Pratt School of Engineering','2019'),(160,'ipsum primis in','tempor','Trinity College','2021');
INSERT INTO StudentInfo (id,research_interests,resume,school,year) VALUES (161,'tempus risus. Donec','vel,','Pratt School of Engineering','2019'),(162,'et tristique pellentesque,','orci','Trinity College','2019'),(163,'molestie dapibus ligula.','ante','Trinity College','2022'),(164,'Praesent eu nulla','non,','Pratt School of Engineering','2021'),(165,'ullamcorper. Duis at','consequat','Trinity College','2022'),(166,'tristique ac, eleifend','mollis','Pratt School of Engineering','2022'),(167,'urna justo faucibus','velit.','Pratt School of Engineering','2019'),(168,'est. Nunc ullamcorper,','et,','Pratt School of Engineering','2021'),(169,'ullamcorper viverra. Maecenas','volutpat.','Trinity College','2021'),(170,'ullamcorper magna. Sed','lorem','Pratt School of Engineering','2021');
INSERT INTO StudentInfo (id,research_interests,resume,school,year) VALUES (171,'turpis egestas. Aliquam','arcu.','Trinity College','2022'),(172,'tellus sem mollis','ultricies','Pratt School of Engineering','2021'),(173,'libero mauris, aliquam','consectetuer','Trinity College','2021'),(174,'dolor. Nulla semper','justo','Trinity College','2019'),(175,'vehicula risus. Nulla','Integer','Pratt School of Engineering','2022'),(176,'purus, in molestie','mattis.','Pratt School of Engineering','2021'),(177,'ac ipsum. Phasellus','magna.','Trinity College','2020'),(178,'at pretium aliquet,','Pellentesque','Trinity College','2020'),(179,'ornare tortor at','Phasellus','Pratt School of Engineering','2019'),(180,'egestas. Sed pharetra,','Integer','Trinity College','2022');
INSERT INTO StudentInfo (id,research_interests,resume,school,year) VALUES (181,'facilisis vitae, orci.','nunc','Trinity College','2019'),(182,'euismod enim. Etiam','eu,','Trinity College','2022'),(183,'nisi dictum augue','lorem,','Pratt School of Engineering','2019'),(184,'Morbi non sapien','conubia','Pratt School of Engineering','2020'),(185,'auctor. Mauris vel','sem','Pratt School of Engineering','2021'),(186,'scelerisque neque sed','at,','Pratt School of Engineering','2021'),(187,'ipsum non arcu.','non','Pratt School of Engineering','2021'),(188,'ipsum leo elementum','Fusce','Pratt School of Engineering','2020'),(189,'Ut sagittis lobortis','malesuada','Trinity College','2020'),(190,'dignissim pharetra. Nam','nibh','Trinity College','2020');
INSERT INTO StudentInfo (id,research_interests,resume,school,year) VALUES (191,'id nunc interdum','ornare.','Pratt School of Engineering','2019'),(192,'lorem vitae odio','porta','Pratt School of Engineering','2019'),(193,'cursus. Nunc mauris','mi','Pratt School of Engineering','2020'),(194,'sit amet metus.','in','Pratt School of Engineering','2021'),(195,'pede. Praesent eu','orci,','Trinity College','2020'),(196,'libero et tristique','urna','Trinity College','2021'),(197,'Nullam feugiat placerat','velit','Trinity College','2020'),(198,'dolor, nonummy ac,','Integer','Trinity College','2021'),(199,'in magna. Phasellus','risus,','Trinity College','2021'),(200,'vel est tempor','tincidunt','Trinity College','2021');


INSERT INTO ProjectInfo (pid,name,num_spots,date_posted,description,skills_description) VALUES (1,'elit, dictum eu, eleifend',2,'2018-11-08 3:00:00','lacus. Ut nec urna et arcu imperdiet ullamcorper. Duis at','vulputate, nisi sem semper erat,'),(2,'dolor quam, elementum at,',5,'2018-11-08 3:00:00','mi pede, nonummy ut, molestie in, tempus eu, ligula. Aenean','aptent taciti sociosqu'),(3,'pede et risus. Quisque',5,'2018-11-08 3:00:00','id risus quis diam luctus lobortis. Class aptent taciti sociosqu','ligula'),(4,'augue id ante dictum',4,'2018-11-08 3:00:00','porttitor vulputate, posuere vulputate, lacus. Cras interdum. Nunc sollicitudin commodo','arcu ac'),(5,'Lorem ipsum dolor sit',1,'2018-11-08 3:00:00','vulputate mauris sagittis placerat. Cras dictum ultricies ligula. Nullam enim.','nulla. Cras'),(6,'sem. Nulla interdum. Curabitur',1,'2018-11-08 3:00:00','eu lacus. Quisque imperdiet, erat nonummy ultricies ornare, elit elit','tellus lorem'),(7,'Maecenas libero est, congue',5,'2018-11-08 3:00:00','quam a felis ullamcorper viverra. Maecenas iaculis aliquet diam. Sed','Aliquam auctor, velit'),(8,'fringilla est. Mauris eu',1,'2018-11-08 3:00:00','massa rutrum magna. Cras convallis convallis dolor. Quisque tincidunt pede','nunc.'),(9,'montes, nascetur ridiculus mus.',3,'2018-11-08 3:00:00','Phasellus dapibus quam quis diam. Pellentesque habitant morbi tristique senectus','risus quis diam luctus'),(10,'fringilla ornare placerat, orci',4,'2018-11-08 3:00:00','semper auctor. Mauris vel turpis. Aliquam adipiscing lobortis risus. In','cursus,');
INSERT INTO ProjectInfo (pid,name,num_spots,date_posted,description,skills_description) VALUES (11,'malesuada vel, venenatis vel,',2,'2018-11-08 3:00:00','dictum eu, placerat eget, venenatis a, magna. Lorem ipsum dolor','natoque penatibus'),(12,'dui. Cum sociis natoque',5,'2018-11-08 3:00:00','mauris elit, dictum eu, eleifend nec, malesuada ut, sem. Nulla','dictum'),(13,'ornare, elit elit fermentum',1,'2018-11-08 3:00:00','Quisque varius. Nam porttitor scelerisque neque. Nullam nisl. Maecenas malesuada','non enim commodo'),(14,'est mauris, rhoncus id,',3,'2018-11-08 3:00:00','auctor non, feugiat nec, diam. Duis mi enim, condimentum eget,','Nunc quis arcu vel'),(15,'tincidunt aliquam arcu. Aliquam',3,'2018-11-08 3:00:00','auctor. Mauris vel turpis. Aliquam adipiscing lobortis risus. In mi','ultrices posuere cubilia Curae;'),(16,'Nullam enim. Sed nulla',2,'2018-11-08 3:00:00','augue ut lacus. Nulla tincidunt, neque vitae semper egestas, urna','Fusce diam nunc, ullamcorper'),(17,'a, magna. Lorem ipsum',1,'2018-11-08 3:00:00','est ac mattis semper, dui lectus rutrum urna, nec luctus','Mauris molestie'),(18,'adipiscing lacus. Ut nec',4,'2018-11-08 3:00:00','semper et, lacinia vitae, sodales at, velit. Pellentesque ultricies dignissim','lacus.'),(19,'est ac mattis semper,',2,'2018-11-08 3:00:00','consequat dolor vitae dolor. Donec fringilla. Donec feugiat metus sit','eget metus eu erat semper'),(20,'porta elit, a feugiat',3,'2018-11-08 3:00:00','scelerisque, lorem ipsum sodales purus, in molestie tortor nibh sit','orci.');
INSERT INTO ProjectInfo (pid,name,num_spots,date_posted,description,skills_description) VALUES (21,'Nam ligula elit, pretium',3,'2018-11-08 3:00:00','vitae mauris sit amet lorem semper auctor. Mauris vel turpis.','mauris a nunc. In'),(22,'Morbi quis urna. Nunc',3,'2018-11-08 3:00:00','id risus quis diam luctus lobortis. Class aptent taciti sociosqu','Pellentesque habitant'),(23,'vel, faucibus id, libero.',1,'2018-11-08 3:00:00','consectetuer rhoncus. Nullam velit dui, semper et, lacinia vitae, sodales','eleifend nec,'),(24,'sit amet, risus. Donec',1,'2018-11-08 3:00:00','cursus purus. Nullam scelerisque neque sed sem egestas blandit. Nam','commodo auctor'),(25,'dictum augue malesuada malesuada.',1,'2018-11-08 3:00:00','Aenean eget metus. In nec orci. Donec nibh. Quisque nonummy','sapien. Nunc'),(26,'convallis, ante lectus convallis',5,'2018-11-08 3:00:00','turpis non enim. Mauris quis turpis vitae purus gravida sagittis.','nascetur'),(27,'suscipit nonummy. Fusce fermentum',4,'2018-11-08 3:00:00','sit amet risus. Donec egestas. Aliquam nec enim. Nunc ut','penatibus'),(28,'mauris ipsum porta elit,',3,'2018-11-08 3:00:00','risus. Duis a mi fringilla mi lacinia mattis. Integer eu','Etiam imperdiet dictum magna. Ut'),(29,'eget, ipsum. Donec sollicitudin',3,'2018-11-08 3:00:00','ornare. In faucibus. Morbi vehicula. Pellentesque tincidunt tempus risus. Donec','erat. Sed nunc'),(30,'aliquam, enim nec tempus',5,'2018-11-08 3:00:00','Morbi vehicula. Pellentesque tincidunt tempus risus. Donec egestas. Duis ac','sit');
INSERT INTO ProjectInfo (pid,name,num_spots,date_posted,description,skills_description) VALUES (31,'placerat eget, venenatis a,',3,'2018-11-09 3:00:00','ad litora torquent per conubia nostra, per inceptos hymenaeos. Mauris','euismod enim.'),(32,'enim, sit amet ornare',1,'2018-11-09 3:00:00','sit amet ornare lectus justo eu arcu. Morbi sit amet','semper tellus'),(33,'enim nisl elementum purus,',3,'2018-11-09 3:00:00','nulla. Integer urna. Vivamus molestie dapibus ligula. Aliquam erat volutpat.','semper auctor. Mauris'),(34,'id magna et ipsum',2,'2018-11-09 3:00:00','enim diam vel arcu. Curabitur ut odio vel est tempor','Etiam ligula tortor,'),(35,'est, congue a, aliquet',1,'2018-11-09 3:00:00','Integer aliquam adipiscing lacus. Ut nec urna et arcu imperdiet','semper'),(36,'tellus justo sit amet',5,'2018-11-09 3:00:00','inceptos hymenaeos. Mauris ut quam vel sapien imperdiet ornare. In','luctus,'),(37,'et arcu imperdiet ullamcorper.',4,'2018-11-09 3:00:00','orci lobortis augue scelerisque mollis. Phasellus libero mauris, aliquam eu,','sed,'),(38,'faucibus orci luctus et',3,'2018-11-09 3:00:00','fermentum vel, mauris. Integer sem elit, pharetra ut, pharetra sed,','amet'),(39,'vitae diam. Proin dolor.',5,'2018-11-09 3:00:00','non, egestas a, dui. Cras pellentesque. Sed dictum. Proin eget','risus'),(40,'feugiat nec, diam. Duis',3,'2018-11-09 3:00:00','adipiscing elit. Curabitur sed tortor. Integer aliquam adipiscing lacus. Ut','Nunc sollicitudin commodo');
INSERT INTO ProjectInfo (pid,name,num_spots,date_posted,description,skills_description) VALUES (41,'Cras vulputate velit eu',2,'2018-11-09 3:00:00','ultrices posuere cubilia Curae; Donec tincidunt. Donec vitae erat vel','semper. Nam tempor diam dictum'),(42,'mi tempor lorem, eget',2,'2018-11-09 3:00:00','vitae dolor. Donec fringilla. Donec feugiat metus sit amet ante.','diam. Pellentesque habitant morbi'),(43,'cubilia Curae; Donec tincidunt.',2,'2018-11-09 3:00:00','vitae sodales nisi magna sed dui. Fusce aliquam, enim nec','justo. Praesent luctus.'),(44,'fringilla est. Mauris eu',2,'2018-11-09 3:00:00','Proin vel nisl. Quisque fringilla euismod enim. Etiam gravida molestie','vitae sodales nisi'),(45,'sem egestas blandit. Nam',4,'2018-11-09 3:00:00','vulputate velit eu sem. Pellentesque ut ipsum ac mi eleifend','lacus,'),(46,'malesuada vel, convallis in,',3,'2018-11-09 3:00:00','tellus sem mollis dui, in sodales elit erat vitae risus.','Suspendisse sagittis.'),(47,'diam lorem, auctor quis,',4,'2018-11-09 3:00:00','arcu. Vestibulum ante ipsum primis in faucibus orci luctus et','arcu. Vestibulum ante ipsum primis'),(48,'mauris sapien, cursus in,',5,'2018-11-09 3:00:00','in molestie tortor nibh sit amet orci. Ut sagittis lobortis','sit amet risus.'),(49,'non dui nec urna',1,'2018-11-09 3:00:00','eu odio tristique pharetra. Quisque ac libero nec ligula consectetuer','euismod urna. Nullam lobortis'),(50,'odio, auctor vitae, aliquet',4,'2018-11-09 3:00:00','placerat eget, venenatis a, magna. Lorem ipsum dolor sit amet,','nibh. Aliquam ornare,');
INSERT INTO ProjectInfo (pid,name,num_spots,date_posted,description,skills_description) VALUES (51,'aliquet lobortis, nisi nibh',2,'2018-11-09 3:00:00','urna suscipit nonummy. Fusce fermentum fermentum arcu. Vestibulum ante ipsum','Cras dictum ultricies ligula.'),(52,'libero. Morbi accumsan laoreet',5,'2018-11-09 3:00:00','Quisque purus sapien, gravida non, sollicitudin a, malesuada id, erat.','sapien. Aenean massa. Integer'),(53,'sapien. Cras dolor dolor,',2,'2018-11-09 3:00:00','eget lacus. Mauris non dui nec urna suscipit nonummy. Fusce','amet,'),(54,'egestas hendrerit neque. In',3,'2018-11-09 3:00:00','semper et, lacinia vitae, sodales at, velit. Pellentesque ultricies dignissim','urna convallis'),(55,'risus. Donec nibh enim,',3,'2018-11-09 3:00:00','lacus. Ut nec urna et arcu imperdiet ullamcorper. Duis at','eu, ultrices sit'),(56,'aliquet. Proin velit. Sed',2,'2018-11-09 3:00:00','Donec sollicitudin adipiscing ligula. Aenean gravida nunc sed pede. Cum','non, feugiat'),(57,'massa. Integer vitae nibh.',3,'2018-11-09 3:00:00','a mi fringilla mi lacinia mattis. Integer eu lacus. Quisque','cursus in,'),(58,'mattis semper, dui lectus',1,'2018-11-09 3:00:00','nulla. Donec non justo. Proin non massa non ante bibendum','vitae dolor. Donec fringilla.'),(59,'enim mi tempor lorem,',3,'2018-11-09 3:00:00','Integer sem elit, pharetra ut, pharetra sed, hendrerit a, arcu.','vitae,'),(60,'vel turpis. Aliquam adipiscing',1,'2018-11-09 3:00:00','lectus rutrum urna, nec luctus felis purus ac tellus. Suspendisse','Nullam');
INSERT INTO ProjectInfo (pid,name,num_spots,date_posted,description,skills_description) VALUES (61,'enim non nisi. Aenean',1,'2018-11-09 3:00:00','quis accumsan convallis, ante lectus convallis est, vitae sodales nisi','montes, nascetur ridiculus mus. Proin'),(62,'mollis non, cursus non,',4,'2018-11-09 3:00:00','venenatis lacus. Etiam bibendum fermentum metus. Aenean sed pede nec','viverra. Maecenas iaculis aliquet diam.'),(63,'felis, adipiscing fringilla, porttitor',4,'2018-11-09 3:00:00','quis urna. Nunc quis arcu vel quam dignissim pharetra. Nam','purus, accumsan interdum libero dui'),(64,'consectetuer adipiscing elit. Aliquam',1,'2018-11-09 3:00:00','ut odio vel est tempor bibendum. Donec felis orci, adipiscing','Donec egestas. Aliquam'),(65,'et pede. Nunc sed',3,'2018-11-09 3:00:00','vel arcu. Curabitur ut odio vel est tempor bibendum. Donec','orci tincidunt'),(66,'enim. Mauris quis turpis',4,'2018-11-09 3:00:00','purus. Nullam scelerisque neque sed sem egestas blandit. Nam nulla','Fusce aliquet'),(67,'bibendum fermentum metus. Aenean',3,'2018-11-09 3:00:00','vitae, orci. Phasellus dapibus quam quis diam. Pellentesque habitant morbi','Ut nec urna et arcu'),(68,'ut odio vel est',1,'2018-11-09 3:00:00','sit amet ante. Vivamus non lorem vitae odio sagittis semper.','euismod ac,'),(69,'mi felis, adipiscing fringilla,',2,'2018-11-09 3:00:00','Nulla dignissim. Maecenas ornare egestas ligula. Nullam feugiat placerat velit.','porttitor'),(70,'nibh. Aliquam ornare, libero',4,'2018-11-09 3:00:00','fames ac turpis egestas. Fusce aliquet magna a neque. Nullam','libero. Morbi');
INSERT INTO ProjectInfo (pid,name,num_spots,date_posted,description,skills_description) VALUES (71,'et nunc. Quisque ornare',1,'2018-11-10 3:00:00','sociis natoque penatibus et magnis dis parturient montes, nascetur ridiculus','tincidunt'),(72,'interdum. Sed auctor odio',2,'2018-11-10 3:00:00','Proin velit. Sed malesuada augue ut lacus. Nulla tincidunt, neque','Aliquam'),(73,'a, scelerisque sed, sapien.',3,'2018-11-10 3:00:00','mauris blandit mattis. Cras eget nisi dictum augue malesuada malesuada.','euismod et,'),(74,'condimentum eget, volutpat ornare,',1,'2018-11-10 3:00:00','risus quis diam luctus lobortis. Class aptent taciti sociosqu ad','elementum sem, vitae aliquam'),(75,'arcu. Sed eu nibh',4,'2018-11-10 3:00:00','laoreet lectus quis massa. Mauris vestibulum, neque sed dictum eleifend,','Vivamus sit amet risus. Donec'),(76,'mi enim, condimentum eget,',1,'2018-11-10 3:00:00','mollis. Integer tincidunt aliquam arcu. Aliquam ultrices iaculis odio. Nam','est,'),(77,'nec urna suscipit nonummy.',1,'2018-11-10 3:00:00','massa. Integer vitae nibh. Donec est mauris, rhoncus id, mollis','ante blandit'),(78,'aliquet lobortis, nisi nibh',2,'2018-11-10 3:00:00','sollicitudin adipiscing ligula. Aenean gravida nunc sed pede. Cum sociis','nisl arcu iaculis'),(79,'Nulla facilisi. Sed neque.',3,'2018-11-10 3:00:00','eleifend. Cras sed leo. Cras vehicula aliquet libero. Integer in','hendrerit a, arcu. Sed'),(80,'penatibus et magnis dis',5,'2018-11-10 3:00:00','Nullam vitae diam. Proin dolor. Nulla semper tellus id nunc','tristique senectus');
INSERT INTO ProjectInfo (pid,name,num_spots,date_posted,description,skills_description) VALUES (81,'lorem ipsum sodales purus,',5,'2018-11-10 3:00:00','in sodales elit erat vitae risus. Duis a mi fringilla','malesuada fames ac'),(82,'magna tellus faucibus leo,',3,'2018-11-10 3:00:00','Ut tincidunt vehicula risus. Nulla eget metus eu erat semper','Aenean'),(83,'erat vel pede blandit',5,'2018-11-10 3:00:00','neque. Sed eget lacus. Mauris non dui nec urna suscipit','Integer id'),(84,'felis. Nulla tempor augue',1,'2018-11-10 3:00:00','ipsum ac mi eleifend egestas. Sed pharetra, felis eget varius','ligula consectetuer rhoncus. Nullam velit'),(85,'semper cursus. Integer mollis.',2,'2018-11-10 3:00:00','libero nec ligula consectetuer rhoncus. Nullam velit dui, semper et,','rhoncus. Proin'),(86,'in lobortis tellus justo',4,'2018-11-10 3:00:00','at sem molestie sodales. Mauris blandit enim consequat purus. Maecenas','pellentesque eget, dictum placerat,'),(87,'nisl. Nulla eu neque',5,'2018-11-10 3:00:00','facilisis vitae, orci. Phasellus dapibus quam quis diam. Pellentesque habitant','augue malesuada malesuada. Integer id'),(88,'Ut nec urna et',3,'2018-11-10 3:00:00','amet ante. Vivamus non lorem vitae odio sagittis semper. Nam','aliquet, sem ut cursus'),(89,'sapien molestie orci tincidunt',4,'2018-11-10 3:00:00','a, dui. Cras pellentesque. Sed dictum. Proin eget odio. Aliquam','ac nulla. In'),(90,'gravida mauris ut mi.',4,'2018-11-10 3:00:00','ac metus vitae velit egestas lacinia. Sed congue, elit sed','lobortis quam a felis');
INSERT INTO ProjectInfo (pid,name,num_spots,date_posted,description,skills_description) VALUES (91,'lorem eu metus. In',1,'2018-11-10 3:00:00','eu nibh vulputate mauris sagittis placerat. Cras dictum ultricies ligula.','vel, vulputate eu,'),(92,'risus odio, auctor vitae,',5,'2018-11-13 3:00:00','Cras interdum. Nunc sollicitudin commodo ipsum. Suspendisse non leo. Vivamus','ultrices. Duis volutpat nunc'),(93,'purus. Duis elementum, dui',1,'2018-11-13 3:00:00','ut aliquam iaculis, lacus pede sagittis augue, eu tempor erat','elit. Etiam laoreet,'),(94,'mi lorem, vehicula et,',5,'2018-11-13 3:00:00','vel turpis. Aliquam adipiscing lobortis risus. In mi pede, nonummy','ipsum. Donec'),(95,'dignissim magna a tortor.',3,'2018-11-13 3:00:00','amet, faucibus ut, nulla. Cras eu tellus eu augue porttitor','cursus. Integer'),(96,'Aenean euismod mauris eu',2,'2018-11-13 3:00:00','lobortis, nisi nibh lacinia orci, consectetuer euismod est arcu ac','eget, volutpat'),(97,'et tristique pellentesque, tellus',2,'2018-11-13 3:00:00','at auctor ullamcorper, nisl arcu iaculis enim, sit amet ornare','Mauris quis turpis vitae purus'),(98,'mollis nec, cursus a,',2,'2018-11-13 3:00:00','Nulla dignissim. Maecenas ornare egestas ligula. Nullam feugiat placerat velit.','hendrerit id, ante. Nunc mauris'),(99,'enim. Curabitur massa. Vestibulum',2,'2018-11-13 3:00:00','adipiscing non, luctus sit amet, faucibus ut, nulla. Cras eu','ac metus vitae velit'),(100,'purus mauris a nunc.',3,'2018-11-13 3:00:00','dui, nec tempus mauris erat eget ipsum. Suspendisse sagittis. Nullam','pharetra. Nam ac nulla.');

-- Manages
INSERT INTO Manages (pid,research_lead_id) VALUES (1,39),(2,19),(3,65),(4,100),(5,30),(6,58),(7,40),(8,23),(9,20),(10,14);
INSERT INTO Manages (pid,research_lead_id) VALUES (11,61),(12,27),(13,3),(14,47),(15,67),(16,22),(17,44),(18,77),(19,15),(20,17);
INSERT INTO Manages (pid,research_lead_id) VALUES (21,61),(22,38),(23,68),(24,90),(25,34),(26,14),(27,96),(28,48),(29,78),(30,80);
INSERT INTO Manages (pid,research_lead_id) VALUES (31,27),(32,57),(33,34),(34,16),(35,91),(36,41),(37,28),(38,87),(39,95),(40,91);
INSERT INTO Manages (pid,research_lead_id) VALUES (41,19),(42,51),(43,93),(44,53),(45,37),(46,5),(47,93),(48,51),(49,36),(50,100);
INSERT INTO Manages (pid,research_lead_id) VALUES (51,68),(52,53),(53,6),(54,66),(55,59),(56,59),(57,4),(58,97),(59,33),(60,47);
INSERT INTO Manages (pid,research_lead_id) VALUES (61,47),(62,40),(63,63),(64,78),(65,68),(66,73),(67,63),(68,6),(69,6),(70,27);
INSERT INTO Manages (pid,research_lead_id) VALUES (71,72),(72,82),(73,75),(74,93),(75,85),(76,64),(77,22),(78,64),(79,68),(80,54);
INSERT INTO Manages (pid,research_lead_id) VALUES (81,71),(82,97),(83,86),(84,97),(85,39),(86,71),(87,85),(88,78),(89,81),(90,64);
INSERT INTO Manages (pid,research_lead_id) VALUES (91,13),(92,61),(93,7),(94,49),(95,8),(96,79),(97,45),(98,58),(99,47),(100,89);
